sub,eye,measure,window,peak,compare,cond,value
sub001,open,visual power,500pre,corinne,accuracy_e,correct_e,0.229219426917871
sub001,open,visual power,500pre,corinne,accuracy_e,incorrect_e,-0.00566337183270684
sub001,open,visual power,500pre,corinne,rt,fast,0.152232388266668
sub001,open,visual power,500pre,corinne,rt,slow,0.239852398898912
sub001,open,laterilsation index,500pre,corinne,accuracy_e,correct_e,0.326809791934588
sub001,open,laterilsation index,500pre,corinne,accuracy_e,incorrect_e,-0.0858749955250828
sub001,open,laterilsation index,500pre,corinne,rt,fast,0.0163468450267424
sub001,open,laterilsation index,500pre,corinne,rt,slow,-0.014351994338676
sub001,open,somatovisual balance,500pre,corinne,accuracy_e,correct_e,0.679586200201092
sub001,open,somatovisual balance,500pre,corinne,accuracy_e,incorrect_e,0.448577616597767
sub001,open,somatovisual balance,500pre,corinne,rt,fast,0.561097281477276
sub001,open,somatovisual balance,500pre,corinne,rt,slow,0.561688422930702
sub001,closed,visual power,500pre,corinne,accuracy_e,correct_e,-0.220817990061981
sub001,closed,visual power,500pre,corinne,accuracy_e,incorrect_e,-0.22293147210932
sub001,closed,visual power,500pre,corinne,rt,fast,-0.148553778841252
sub001,closed,visual power,500pre,corinne,rt,slow,-0.15437771472578
sub001,closed,laterilsation index,500pre,corinne,accuracy_e,correct_e,0.0893572267186953
sub001,closed,laterilsation index,500pre,corinne,accuracy_e,incorrect_e,-0.138460710356424
sub001,closed,laterilsation index,500pre,corinne,rt,fast,0.00199781629718235
sub001,closed,laterilsation index,500pre,corinne,rt,slow,-0.00360726140098611
sub001,closed,somatovisual balance,500pre,corinne,accuracy_e,correct_e,0.626952933224434
sub001,closed,somatovisual balance,500pre,corinne,accuracy_e,incorrect_e,0.686157368887386
sub001,closed,somatovisual balance,500pre,corinne,rt,fast,0.634503731275982
sub001,closed,somatovisual balance,500pre,corinne,rt,slow,0.677128374701257
sub002,open,visual power,500pre,corinne,accuracy_e,correct_e,-0.0565077668555325
sub002,open,visual power,500pre,corinne,accuracy_e,incorrect_e,0.0760040870541486
sub002,open,visual power,500pre,corinne,rt,fast,-0.173404557998086
sub002,open,visual power,500pre,corinne,rt,slow,-0.0919134895066475
sub002,open,laterilsation index,500pre,corinne,accuracy_e,correct_e,0.063361461250232
sub002,open,laterilsation index,500pre,corinne,accuracy_e,incorrect_e,0.0999643137662366
sub002,open,laterilsation index,500pre,corinne,rt,fast,0.00881940146786039
sub002,open,laterilsation index,500pre,corinne,rt,slow,0.0741178598726073
sub002,open,somatovisual balance,500pre,corinne,accuracy_e,correct_e,0.17826561256584
sub002,open,somatovisual balance,500pre,corinne,accuracy_e,incorrect_e,0.0999934410555247
sub002,open,somatovisual balance,500pre,corinne,rt,fast,0.121596570065585
sub002,open,somatovisual balance,500pre,corinne,rt,slow,0.137590731146907
sub002,closed,visual power,500pre,corinne,accuracy_e,correct_e,0.126526016598562
sub002,closed,visual power,500pre,corinne,accuracy_e,incorrect_e,0.170250599245614
sub002,closed,visual power,500pre,corinne,rt,fast,0.263144261283709
sub002,closed,visual power,500pre,corinne,rt,slow,0.0886523181412959
sub002,closed,laterilsation index,500pre,corinne,accuracy_e,correct_e,0.0250095334579191
sub002,closed,laterilsation index,500pre,corinne,accuracy_e,incorrect_e,0.0457406130974042
sub002,closed,laterilsation index,500pre,corinne,rt,fast,-0.0719099627249368
sub002,closed,laterilsation index,500pre,corinne,rt,slow,0.0933860753860287
sub002,closed,somatovisual balance,500pre,corinne,accuracy_e,correct_e,0.328772033722521
sub002,closed,somatovisual balance,500pre,corinne,accuracy_e,incorrect_e,0.371977917450322
sub002,closed,somatovisual balance,500pre,corinne,rt,fast,0.331546845236739
sub002,closed,somatovisual balance,500pre,corinne,rt,slow,0.369984304158171
sub003,open,visual power,500pre,corinne,accuracy_e,correct_e,0.375884712971038
sub003,open,visual power,500pre,corinne,accuracy_e,incorrect_e,0.39494306054691
sub003,open,visual power,500pre,corinne,rt,fast,0.228953016467705
sub003,open,visual power,500pre,corinne,rt,slow,0.168983712700815
sub003,open,laterilsation index,500pre,corinne,accuracy_e,correct_e,-0.062140664850182
sub003,open,laterilsation index,500pre,corinne,accuracy_e,incorrect_e,0.0150459661005777
sub003,open,laterilsation index,500pre,corinne,rt,fast,0.00636407376829811
sub003,open,laterilsation index,500pre,corinne,rt,slow,0.0527810727989311
sub003,open,somatovisual balance,500pre,corinne,accuracy_e,correct_e,0.813923876546705
sub003,open,somatovisual balance,500pre,corinne,accuracy_e,incorrect_e,0.79124077661498
sub003,open,somatovisual balance,500pre,corinne,rt,fast,0.801593300553463
sub003,open,somatovisual balance,500pre,corinne,rt,slow,0.82193076286681
sub003,closed,visual power,500pre,corinne,accuracy_e,correct_e,0.0791971962914959
sub003,closed,visual power,500pre,corinne,accuracy_e,incorrect_e,-0.119590503587635
sub003,closed,visual power,500pre,corinne,rt,fast,0.111050993950932
sub003,closed,visual power,500pre,corinne,rt,slow,0.0163954449487019
sub003,closed,laterilsation index,500pre,corinne,accuracy_e,correct_e,-0.00248312445808755
sub003,closed,laterilsation index,500pre,corinne,accuracy_e,incorrect_e,0.0448019899495764
sub003,closed,laterilsation index,500pre,corinne,rt,fast,0.0212885900385073
sub003,closed,laterilsation index,500pre,corinne,rt,slow,0.0351461359391231
sub003,closed,somatovisual balance,500pre,corinne,accuracy_e,correct_e,0.865296639066122
sub003,closed,somatovisual balance,500pre,corinne,accuracy_e,incorrect_e,0.853044178687591
sub003,closed,somatovisual balance,500pre,corinne,rt,fast,0.87211284544557
sub003,closed,somatovisual balance,500pre,corinne,rt,slow,0.859542636338814
sub004,open,visual power,500pre,corinne,accuracy_e,correct_e,0.360252493585785
sub004,open,visual power,500pre,corinne,accuracy_e,incorrect_e,0.347453299197425
sub004,open,visual power,500pre,corinne,rt,fast,0.379345125046065
sub004,open,visual power,500pre,corinne,rt,slow,0.0486993557196108
sub004,open,laterilsation index,500pre,corinne,accuracy_e,correct_e,-0.100266638649637
sub004,open,laterilsation index,500pre,corinne,accuracy_e,incorrect_e,-0.0140362780055057
sub004,open,laterilsation index,500pre,corinne,rt,fast,-0.0558402781994909
sub004,open,laterilsation index,500pre,corinne,rt,slow,0.0882126786538542
sub004,open,somatovisual balance,500pre,corinne,accuracy_e,correct_e,0.718044149290762
sub004,open,somatovisual balance,500pre,corinne,accuracy_e,incorrect_e,0.720405918412455
sub004,open,somatovisual balance,500pre,corinne,rt,fast,0.722062999591869
sub004,open,somatovisual balance,500pre,corinne,rt,slow,0.730067207736817
sub004,closed,visual power,500pre,corinne,accuracy_e,correct_e,0.232726563806492
sub004,closed,visual power,500pre,corinne,accuracy_e,incorrect_e,0.152756510593344
sub004,closed,visual power,500pre,corinne,rt,fast,0.146967552851339
sub004,closed,visual power,500pre,corinne,rt,slow,0.20870813082864
sub004,closed,laterilsation index,500pre,corinne,accuracy_e,correct_e,-0.00656734993449225
sub004,closed,laterilsation index,500pre,corinne,accuracy_e,incorrect_e,0.168166738365828
sub004,closed,laterilsation index,500pre,corinne,rt,fast,-0.0651799414743318
sub004,closed,laterilsation index,500pre,corinne,rt,slow,-0.0537000367688635
sub004,closed,somatovisual balance,500pre,corinne,accuracy_e,correct_e,0.803024722449237
sub004,closed,somatovisual balance,500pre,corinne,accuracy_e,incorrect_e,0.805775278471364
sub004,closed,somatovisual balance,500pre,corinne,rt,fast,0.765594391454202
sub004,closed,somatovisual balance,500pre,corinne,rt,slow,0.799589483646978
sub005,open,visual power,500pre,corinne,accuracy_e,correct_e,0.304769521503729
sub005,open,visual power,500pre,corinne,accuracy_e,incorrect_e,0.00457552173696774
sub005,open,visual power,500pre,corinne,rt,fast,0.112056414774109
sub005,open,visual power,500pre,corinne,rt,slow,0.244573481227199
sub005,open,laterilsation index,500pre,corinne,accuracy_e,correct_e,0.007929354898188
sub005,open,laterilsation index,500pre,corinne,accuracy_e,incorrect_e,0.025264599034563
sub005,open,laterilsation index,500pre,corinne,rt,fast,0.0445829587677844
sub005,open,laterilsation index,500pre,corinne,rt,slow,-0.0827047986973464
sub005,open,somatovisual balance,500pre,corinne,accuracy_e,correct_e,0.726902366247668
sub005,open,somatovisual balance,500pre,corinne,accuracy_e,incorrect_e,0.745450826757279
sub005,open,somatovisual balance,500pre,corinne,rt,fast,0.749835550230646
sub005,open,somatovisual balance,500pre,corinne,rt,slow,0.72435717194991
sub005,closed,visual power,500pre,corinne,accuracy_e,correct_e,-0.361056377314925
sub005,closed,visual power,500pre,corinne,accuracy_e,incorrect_e,-0.269737827026726
sub005,closed,visual power,500pre,corinne,rt,fast,-0.312572296341929
sub005,closed,visual power,500pre,corinne,rt,slow,-0.360397649524605
sub005,closed,laterilsation index,500pre,corinne,accuracy_e,correct_e,-0.0456041082627323
sub005,closed,laterilsation index,500pre,corinne,accuracy_e,incorrect_e,0.0280481374294117
sub005,closed,laterilsation index,500pre,corinne,rt,fast,0.0213304410578755
sub005,closed,laterilsation index,500pre,corinne,rt,slow,-0.0869262414357526
sub005,closed,somatovisual balance,500pre,corinne,accuracy_e,correct_e,0.794559019490782
sub005,closed,somatovisual balance,500pre,corinne,accuracy_e,incorrect_e,0.820038942916007
sub005,closed,somatovisual balance,500pre,corinne,rt,fast,0.811185493492965
sub005,closed,somatovisual balance,500pre,corinne,rt,slow,0.801448814642728
sub006,open,visual power,500pre,corinne,accuracy_e,correct_e,0.512562556736553
sub006,open,visual power,500pre,corinne,accuracy_e,incorrect_e,0.323052597802626
sub006,open,visual power,500pre,corinne,rt,fast,0.407959714310688
sub006,open,visual power,500pre,corinne,rt,slow,0.328857836937465
sub006,open,laterilsation index,500pre,corinne,accuracy_e,correct_e,0.0489708762277516
sub006,open,laterilsation index,500pre,corinne,accuracy_e,incorrect_e,0.167533492334457
sub006,open,laterilsation index,500pre,corinne,rt,fast,0.0894534824012832
sub006,open,laterilsation index,500pre,corinne,rt,slow,0.0973091445674659
sub006,open,somatovisual balance,500pre,corinne,accuracy_e,correct_e,0.734734943185146
sub006,open,somatovisual balance,500pre,corinne,accuracy_e,incorrect_e,0.767896800478236
sub006,open,somatovisual balance,500pre,corinne,rt,fast,0.720622543498332
sub006,open,somatovisual balance,500pre,corinne,rt,slow,0.771416418353668
sub006,closed,visual power,500pre,corinne,accuracy_e,correct_e,-0.0991663102226446
sub006,closed,visual power,500pre,corinne,accuracy_e,incorrect_e,0.221862498557784
sub006,closed,visual power,500pre,corinne,rt,fast,-0.0711658150168137
sub006,closed,visual power,500pre,corinne,rt,slow,0.117689817686139
sub006,closed,laterilsation index,500pre,corinne,accuracy_e,correct_e,0.0856272403727073
sub006,closed,laterilsation index,500pre,corinne,accuracy_e,incorrect_e,0.0763486214343503
sub006,closed,laterilsation index,500pre,corinne,rt,fast,0.206006041158828
sub006,closed,laterilsation index,500pre,corinne,rt,slow,0.0739743110723659
sub006,closed,somatovisual balance,500pre,corinne,accuracy_e,correct_e,0.762721946076379
sub006,closed,somatovisual balance,500pre,corinne,accuracy_e,incorrect_e,0.787829483458776
sub006,closed,somatovisual balance,500pre,corinne,rt,fast,0.790919483830675
sub006,closed,somatovisual balance,500pre,corinne,rt,slow,0.749157286186438
sub007,open,visual power,500pre,corinne,accuracy_e,correct_e,-0.450909495226391
sub007,open,visual power,500pre,corinne,accuracy_e,incorrect_e,-0.137687725476041
sub007,open,visual power,500pre,corinne,rt,fast,-0.478334914480559
sub007,open,visual power,500pre,corinne,rt,slow,-0.413593745996383
sub007,open,laterilsation index,500pre,corinne,accuracy_e,correct_e,0.0679242282663916
sub007,open,laterilsation index,500pre,corinne,accuracy_e,incorrect_e,0.0411180563901699
sub007,open,laterilsation index,500pre,corinne,rt,fast,0.153773154585324
sub007,open,laterilsation index,500pre,corinne,rt,slow,0.151357162532655
sub007,open,somatovisual balance,500pre,corinne,accuracy_e,correct_e,0.368159405532743
sub007,open,somatovisual balance,500pre,corinne,accuracy_e,incorrect_e,0.491014734340011
sub007,open,somatovisual balance,500pre,corinne,rt,fast,0.434808390700325
sub007,open,somatovisual balance,500pre,corinne,rt,slow,0.379756727787645
sub007,closed,visual power,500pre,corinne,accuracy_e,correct_e,-0.506462994811607
sub007,closed,visual power,500pre,corinne,accuracy_e,incorrect_e,-0.522216412778584
sub007,closed,visual power,500pre,corinne,rt,fast,-0.544955751035359
sub007,closed,visual power,500pre,corinne,rt,slow,-0.55263698765236
sub007,closed,laterilsation index,500pre,corinne,accuracy_e,correct_e,0.0136243339160658
sub007,closed,laterilsation index,500pre,corinne,accuracy_e,incorrect_e,0.123703392132616
sub007,closed,laterilsation index,500pre,corinne,rt,fast,0.0884245279795661
sub007,closed,laterilsation index,500pre,corinne,rt,slow,-0.0475388038028927
sub007,closed,somatovisual balance,500pre,corinne,accuracy_e,correct_e,0.618046501757088
sub007,closed,somatovisual balance,500pre,corinne,accuracy_e,incorrect_e,0.609224934372741
sub007,closed,somatovisual balance,500pre,corinne,rt,fast,0.654549697474038
sub007,closed,somatovisual balance,500pre,corinne,rt,slow,0.560923473498093
sub008,open,visual power,500pre,corinne,accuracy_e,correct_e,0.687924268779783
sub008,open,visual power,500pre,corinne,accuracy_e,incorrect_e,0.189208450656272
sub008,open,visual power,500pre,corinne,rt,fast,0.105784559572837
sub008,open,visual power,500pre,corinne,rt,slow,0.227352820395867
sub008,open,laterilsation index,500pre,corinne,accuracy_e,correct_e,-0.0219456162517928
sub008,open,laterilsation index,500pre,corinne,accuracy_e,incorrect_e,0.0744054242808604
sub008,open,laterilsation index,500pre,corinne,rt,fast,-0.024362485896882
sub008,open,laterilsation index,500pre,corinne,rt,slow,-0.0217570070412553
sub008,open,somatovisual balance,500pre,corinne,accuracy_e,correct_e,0.932047726243341
sub008,open,somatovisual balance,500pre,corinne,accuracy_e,incorrect_e,0.934245527634132
sub008,open,somatovisual balance,500pre,corinne,rt,fast,0.933988496092494
sub008,open,somatovisual balance,500pre,corinne,rt,slow,0.935083640695553
sub008,closed,visual power,500pre,corinne,accuracy_e,correct_e,-0.616089365785003
sub008,closed,visual power,500pre,corinne,accuracy_e,incorrect_e,-0.487669790562109
sub008,closed,visual power,500pre,corinne,rt,fast,-0.433957399248282
sub008,closed,visual power,500pre,corinne,rt,slow,-0.464169087998105
sub008,closed,laterilsation index,500pre,corinne,accuracy_e,correct_e,-0.0363032611372068
sub008,closed,laterilsation index,500pre,corinne,accuracy_e,incorrect_e,0.0393281878136894
sub008,closed,laterilsation index,500pre,corinne,rt,fast,0.113920488646769
sub008,closed,laterilsation index,500pre,corinne,rt,slow,0.0198286169483151
sub008,closed,somatovisual balance,500pre,corinne,accuracy_e,correct_e,0.894396749252477
sub008,closed,somatovisual balance,500pre,corinne,accuracy_e,incorrect_e,0.931066360308897
sub008,closed,somatovisual balance,500pre,corinne,rt,fast,0.946239470415131
sub008,closed,somatovisual balance,500pre,corinne,rt,slow,0.93648170614852
sub009,open,visual power,500pre,corinne,accuracy_e,correct_e,-0.00630160599073329
sub009,open,visual power,500pre,corinne,accuracy_e,incorrect_e,-0.0903405376751476
sub009,open,visual power,500pre,corinne,rt,fast,-0.0294363196468825
sub009,open,visual power,500pre,corinne,rt,slow,-0.112690110628181
sub009,open,laterilsation index,500pre,corinne,accuracy_e,correct_e,0.103121103338522
sub009,open,laterilsation index,500pre,corinne,accuracy_e,incorrect_e,0.0253851339773716
sub009,open,laterilsation index,500pre,corinne,rt,fast,0.144354610243961
sub009,open,laterilsation index,500pre,corinne,rt,slow,-0.0284420057326677
sub009,open,somatovisual balance,500pre,corinne,accuracy_e,correct_e,0.13026289488441
sub009,open,somatovisual balance,500pre,corinne,accuracy_e,incorrect_e,0.0836440581560007
sub009,open,somatovisual balance,500pre,corinne,rt,fast,0.145201301080701
sub009,open,somatovisual balance,500pre,corinne,rt,slow,0.0512922569000458
sub009,closed,visual power,500pre,corinne,accuracy_e,correct_e,-0.277163297378838
sub009,closed,visual power,500pre,corinne,accuracy_e,incorrect_e,-0.283828494198757
sub009,closed,visual power,500pre,corinne,rt,fast,-0.2373612716736
sub009,closed,visual power,500pre,corinne,rt,slow,-0.290361294976566
sub009,closed,laterilsation index,500pre,corinne,accuracy_e,correct_e,-0.0111638089205295
sub009,closed,laterilsation index,500pre,corinne,accuracy_e,incorrect_e,0.104865625036738
sub009,closed,laterilsation index,500pre,corinne,rt,fast,0.112452630401204
sub009,closed,laterilsation index,500pre,corinne,rt,slow,0.0242704082082636
sub009,closed,somatovisual balance,500pre,corinne,accuracy_e,correct_e,0.0957256488148756
sub009,closed,somatovisual balance,500pre,corinne,accuracy_e,incorrect_e,0.171156922641146
sub009,closed,somatovisual balance,500pre,corinne,rt,fast,0.168090719074462
sub009,closed,somatovisual balance,500pre,corinne,rt,slow,0.111354872169887
sub010,open,visual power,500pre,corinne,accuracy_e,correct_e,0.653595298781271
sub010,open,visual power,500pre,corinne,accuracy_e,incorrect_e,0.0888604655827416
sub010,open,visual power,500pre,corinne,rt,fast,0.526787674899969
sub010,open,visual power,500pre,corinne,rt,slow,0.27866928050968
sub010,open,laterilsation index,500pre,corinne,accuracy_e,correct_e,0.00501609099628444
sub010,open,laterilsation index,500pre,corinne,accuracy_e,incorrect_e,0.263605190671881
sub010,open,laterilsation index,500pre,corinne,rt,fast,0.0791747760444253
sub010,open,laterilsation index,500pre,corinne,rt,slow,0.0268206801885822
sub010,open,somatovisual balance,500pre,corinne,accuracy_e,correct_e,0.766286632396821
sub010,open,somatovisual balance,500pre,corinne,accuracy_e,incorrect_e,0.79023301047003
sub010,open,somatovisual balance,500pre,corinne,rt,fast,0.790254824406891
sub010,open,somatovisual balance,500pre,corinne,rt,slow,0.79202376494926
sub010,closed,visual power,500pre,corinne,accuracy_e,correct_e,-0.292263750437862
sub010,closed,visual power,500pre,corinne,accuracy_e,incorrect_e,-0.35243239775227
sub010,closed,visual power,500pre,corinne,rt,fast,-0.309752387682769
sub010,closed,visual power,500pre,corinne,rt,slow,-0.277709786577306
sub010,closed,laterilsation index,500pre,corinne,accuracy_e,correct_e,0.11968836716215
sub010,closed,laterilsation index,500pre,corinne,accuracy_e,incorrect_e,-0.0619167842301266
sub010,closed,laterilsation index,500pre,corinne,rt,fast,0.328675975880138
sub010,closed,laterilsation index,500pre,corinne,rt,slow,-0.0341139380284328
sub010,closed,somatovisual balance,500pre,corinne,accuracy_e,correct_e,0.875284085532899
sub010,closed,somatovisual balance,500pre,corinne,accuracy_e,incorrect_e,0.827755140155943
sub010,closed,somatovisual balance,500pre,corinne,rt,fast,0.871937851108424
sub010,closed,somatovisual balance,500pre,corinne,rt,slow,0.841771052390514
sub011,open,visual power,500pre,corinne,accuracy_e,correct_e,0.723910743154048
sub011,open,visual power,500pre,corinne,accuracy_e,incorrect_e,1.22169145862611
sub011,open,visual power,500pre,corinne,rt,fast,1.25465387572194
sub011,open,visual power,500pre,corinne,rt,slow,1.42990728277692
sub011,open,laterilsation index,500pre,corinne,accuracy_e,correct_e,0.0628910586723836
sub011,open,laterilsation index,500pre,corinne,accuracy_e,incorrect_e,0.224756612134053
sub011,open,laterilsation index,500pre,corinne,rt,fast,-0.0697260499573042
sub011,open,laterilsation index,500pre,corinne,rt,slow,0.0599347512723152
sub011,open,somatovisual balance,500pre,corinne,accuracy_e,correct_e,0.818601765538172
sub011,open,somatovisual balance,500pre,corinne,accuracy_e,incorrect_e,0.821657929022848
sub011,open,somatovisual balance,500pre,corinne,rt,fast,0.78133835656959
sub011,open,somatovisual balance,500pre,corinne,rt,slow,0.81377336639357
sub011,closed,visual power,500pre,corinne,accuracy_e,correct_e,-0.493993037404819
sub011,closed,visual power,500pre,corinne,accuracy_e,incorrect_e,-0.360922757696056
sub011,closed,visual power,500pre,corinne,rt,fast,-0.375427370395658
sub011,closed,visual power,500pre,corinne,rt,slow,-0.443912761313929
sub011,closed,laterilsation index,500pre,corinne,accuracy_e,correct_e,0.0280763536670394
sub011,closed,laterilsation index,500pre,corinne,accuracy_e,incorrect_e,0.183782711976504
sub011,closed,laterilsation index,500pre,corinne,rt,fast,-0.0109298345976505
sub011,closed,laterilsation index,500pre,corinne,rt,slow,0.0434497481872094
sub011,closed,somatovisual balance,500pre,corinne,accuracy_e,correct_e,0.771151137078319
sub011,closed,somatovisual balance,500pre,corinne,accuracy_e,incorrect_e,0.837462681558067
sub011,closed,somatovisual balance,500pre,corinne,rt,fast,0.792248339854445
sub011,closed,somatovisual balance,500pre,corinne,rt,slow,0.798625881923766
sub012,open,visual power,500pre,corinne,accuracy_e,correct_e,0.0209023090745269
sub012,open,visual power,500pre,corinne,accuracy_e,incorrect_e,0.383237809676876
sub012,open,visual power,500pre,corinne,rt,fast,0.315420130389367
sub012,open,visual power,500pre,corinne,rt,slow,0.240422958965914
sub012,open,laterilsation index,500pre,corinne,accuracy_e,correct_e,-0.0784166103552143
sub012,open,laterilsation index,500pre,corinne,accuracy_e,incorrect_e,-0.00516655302720073
sub012,open,laterilsation index,500pre,corinne,rt,fast,0.0383752786462253
sub012,open,laterilsation index,500pre,corinne,rt,slow,0.0717160200757809
sub012,open,somatovisual balance,500pre,corinne,accuracy_e,correct_e,0.868625959910384
sub012,open,somatovisual balance,500pre,corinne,accuracy_e,incorrect_e,0.865491806384668
sub012,open,somatovisual balance,500pre,corinne,rt,fast,0.876492360404826
sub012,open,somatovisual balance,500pre,corinne,rt,slow,0.869874195363388
sub012,closed,visual power,500pre,corinne,accuracy_e,correct_e,-0.309284899948982
sub012,closed,visual power,500pre,corinne,accuracy_e,incorrect_e,-0.265186473008985
sub012,closed,visual power,500pre,corinne,rt,fast,-0.208424625848595
sub012,closed,visual power,500pre,corinne,rt,slow,-0.22876513981978
sub012,closed,laterilsation index,500pre,corinne,accuracy_e,correct_e,0.112964554320598
sub012,closed,laterilsation index,500pre,corinne,accuracy_e,incorrect_e,-0.144997973938659
sub012,closed,laterilsation index,500pre,corinne,rt,fast,0.061615780873137
sub012,closed,laterilsation index,500pre,corinne,rt,slow,0.087916459084575
sub012,closed,somatovisual balance,500pre,corinne,accuracy_e,correct_e,0.862361845608986
sub012,closed,somatovisual balance,500pre,corinne,accuracy_e,incorrect_e,0.842033960755808
sub012,closed,somatovisual balance,500pre,corinne,rt,fast,0.866512064127906
sub012,closed,somatovisual balance,500pre,corinne,rt,slow,0.874480702161549
sub017,open,visual power,500pre,corinne,accuracy_e,correct_e,0.621766667792047
sub017,open,visual power,500pre,corinne,accuracy_e,incorrect_e,1.53381513730187
sub017,open,visual power,500pre,corinne,rt,fast,1.1777833967503
sub017,open,visual power,500pre,corinne,rt,slow,0.546031009804277
sub017,open,laterilsation index,500pre,corinne,accuracy_e,correct_e,0.113157497927083
sub017,open,laterilsation index,500pre,corinne,accuracy_e,incorrect_e,0.0237444868608401
sub017,open,laterilsation index,500pre,corinne,rt,fast,-0.0456015796037574
sub017,open,laterilsation index,500pre,corinne,rt,slow,0.0950985141176398
sub017,open,somatovisual balance,500pre,corinne,accuracy_e,correct_e,0.563510190898264
sub017,open,somatovisual balance,500pre,corinne,accuracy_e,incorrect_e,0.565436175316541
sub017,open,somatovisual balance,500pre,corinne,rt,fast,0.514567695434007
sub017,open,somatovisual balance,500pre,corinne,rt,slow,0.528355841238763
sub017,closed,visual power,500pre,corinne,accuracy_e,correct_e,-0.35136345095957
sub017,closed,visual power,500pre,corinne,accuracy_e,incorrect_e,-0.576491422526684
sub017,closed,visual power,500pre,corinne,rt,fast,-0.351904439745807
sub017,closed,visual power,500pre,corinne,rt,slow,-0.346530490028666
sub017,closed,laterilsation index,500pre,corinne,accuracy_e,correct_e,0.013315472530134
sub017,closed,laterilsation index,500pre,corinne,accuracy_e,incorrect_e,0.0350936819969396
sub017,closed,laterilsation index,500pre,corinne,rt,fast,0.0870635007651791
sub017,closed,laterilsation index,500pre,corinne,rt,slow,-0.0515180168044218
sub017,closed,somatovisual balance,500pre,corinne,accuracy_e,correct_e,0.625947947319376
sub017,closed,somatovisual balance,500pre,corinne,accuracy_e,incorrect_e,0.605386846173716
sub017,closed,somatovisual balance,500pre,corinne,rt,fast,0.640838084427837
sub017,closed,somatovisual balance,500pre,corinne,rt,slow,0.590586374826413
sub018,open,visual power,500pre,corinne,accuracy_e,correct_e,-0.0598104750953211
sub018,open,visual power,500pre,corinne,accuracy_e,incorrect_e,0.017832945374737
sub018,open,visual power,500pre,corinne,rt,fast,0.0340593694766956
sub018,open,visual power,500pre,corinne,rt,slow,-0.117774450110245
sub018,open,laterilsation index,500pre,corinne,accuracy_e,correct_e,0.130452340253741
sub018,open,laterilsation index,500pre,corinne,accuracy_e,incorrect_e,0.104318255493395
sub018,open,laterilsation index,500pre,corinne,rt,fast,0.140242240480794
sub018,open,laterilsation index,500pre,corinne,rt,slow,0.067120473534224
sub018,open,somatovisual balance,500pre,corinne,accuracy_e,correct_e,0.426143076058887
sub018,open,somatovisual balance,500pre,corinne,accuracy_e,incorrect_e,0.422023559744425
sub018,open,somatovisual balance,500pre,corinne,rt,fast,0.419914987273848
sub018,open,somatovisual balance,500pre,corinne,rt,slow,0.383750405973932
sub018,closed,visual power,500pre,corinne,accuracy_e,correct_e,-0.00456808380173321
sub018,closed,visual power,500pre,corinne,accuracy_e,incorrect_e,-0.175545830484775
sub018,closed,visual power,500pre,corinne,rt,fast,-0.00545029427636971
sub018,closed,visual power,500pre,corinne,rt,slow,-0.0568788916844178
sub018,closed,laterilsation index,500pre,corinne,accuracy_e,correct_e,0.0340328335204119
sub018,closed,laterilsation index,500pre,corinne,accuracy_e,incorrect_e,0.0886155760484052
sub018,closed,laterilsation index,500pre,corinne,rt,fast,0.0416211452307472
sub018,closed,laterilsation index,500pre,corinne,rt,slow,0.0297965777069813
sub018,closed,somatovisual balance,500pre,corinne,accuracy_e,correct_e,0.223959324834953
sub018,closed,somatovisual balance,500pre,corinne,accuracy_e,incorrect_e,0.267632580347084
sub018,closed,somatovisual balance,500pre,corinne,rt,fast,0.238515782220106
sub018,closed,somatovisual balance,500pre,corinne,rt,slow,0.179521321534813
sub020,open,visual power,500pre,corinne,accuracy_e,correct_e,0.040766826363245
sub020,open,visual power,500pre,corinne,accuracy_e,incorrect_e,-0.142971909213506
sub020,open,visual power,500pre,corinne,rt,fast,0.0455418137168464
sub020,open,visual power,500pre,corinne,rt,slow,0.0805691715328183
sub020,open,laterilsation index,500pre,corinne,accuracy_e,correct_e,0.338339299628713
sub020,open,laterilsation index,500pre,corinne,accuracy_e,incorrect_e,0.288010361192504
sub020,open,laterilsation index,500pre,corinne,rt,fast,0.322153707259456
sub020,open,laterilsation index,500pre,corinne,rt,slow,0.333573359723766
sub020,open,somatovisual balance,500pre,corinne,accuracy_e,correct_e,0.760960732546367
sub020,open,somatovisual balance,500pre,corinne,accuracy_e,incorrect_e,0.725574354381406
sub020,open,somatovisual balance,500pre,corinne,rt,fast,0.773692779367324
sub020,open,somatovisual balance,500pre,corinne,rt,slow,0.73843838303635
sub020,closed,visual power,500pre,corinne,accuracy_e,correct_e,-0.371171765136266
sub020,closed,visual power,500pre,corinne,accuracy_e,incorrect_e,-0.435806659275756
sub020,closed,visual power,500pre,corinne,rt,fast,-0.341966237586832
sub020,closed,visual power,500pre,corinne,rt,slow,-0.361281496334996
sub020,closed,laterilsation index,500pre,corinne,accuracy_e,correct_e,0.137120753957765
sub020,closed,laterilsation index,500pre,corinne,accuracy_e,incorrect_e,0.212831872302012
sub020,closed,laterilsation index,500pre,corinne,rt,fast,0.116650518442307
sub020,closed,laterilsation index,500pre,corinne,rt,slow,0.152435285061988
sub020,closed,somatovisual balance,500pre,corinne,accuracy_e,correct_e,0.711261015420479
sub020,closed,somatovisual balance,500pre,corinne,accuracy_e,incorrect_e,0.705546482681948
sub020,closed,somatovisual balance,500pre,corinne,rt,fast,0.702449423671771
sub020,closed,somatovisual balance,500pre,corinne,rt,slow,0.70043464631594
sub021,open,visual power,500pre,corinne,accuracy_e,correct_e,0.452635855353398
sub021,open,visual power,500pre,corinne,accuracy_e,incorrect_e,0.323083722166847
sub021,open,visual power,500pre,corinne,rt,fast,0.470443766060315
sub021,open,visual power,500pre,corinne,rt,slow,0.516076906654399
sub021,open,laterilsation index,500pre,corinne,accuracy_e,correct_e,0.0653564962394618
sub021,open,laterilsation index,500pre,corinne,accuracy_e,incorrect_e,0.0417085467552588
sub021,open,laterilsation index,500pre,corinne,rt,fast,0.210795573003019
sub021,open,laterilsation index,500pre,corinne,rt,slow,-0.032766844391927
sub021,open,somatovisual balance,500pre,corinne,accuracy_e,correct_e,0.673148798633555
sub021,open,somatovisual balance,500pre,corinne,accuracy_e,incorrect_e,0.659623178356025
sub021,open,somatovisual balance,500pre,corinne,rt,fast,0.716894436004097
sub021,open,somatovisual balance,500pre,corinne,rt,slow,0.652052346294064
sub021,closed,visual power,500pre,corinne,accuracy_e,correct_e,-0.0555331319229839
sub021,closed,visual power,500pre,corinne,accuracy_e,incorrect_e,-0.11959872627037
sub021,closed,visual power,500pre,corinne,rt,fast,-0.117359570193448
sub021,closed,visual power,500pre,corinne,rt,slow,0.0110848651126048
sub021,closed,laterilsation index,500pre,corinne,accuracy_e,correct_e,0.106441139265624
sub021,closed,laterilsation index,500pre,corinne,accuracy_e,incorrect_e,0.0639137860480559
sub021,closed,laterilsation index,500pre,corinne,rt,fast,0.0816469238284227
sub021,closed,laterilsation index,500pre,corinne,rt,slow,0.0714106606797532
sub021,closed,somatovisual balance,500pre,corinne,accuracy_e,correct_e,0.748280897114905
sub021,closed,somatovisual balance,500pre,corinne,accuracy_e,incorrect_e,0.719803780139437
sub021,closed,somatovisual balance,500pre,corinne,rt,fast,0.747910741165222
sub021,closed,somatovisual balance,500pre,corinne,rt,slow,0.740421520707621
sub022,open,visual power,500pre,corinne,accuracy_e,correct_e,0.538381297778415
sub022,open,visual power,500pre,corinne,accuracy_e,incorrect_e,1.21412004557023
sub022,open,visual power,500pre,corinne,rt,fast,0.476388362027412
sub022,open,visual power,500pre,corinne,rt,slow,0.560892352409665
sub022,open,laterilsation index,500pre,corinne,accuracy_e,correct_e,0.135978994388839
sub022,open,laterilsation index,500pre,corinne,accuracy_e,incorrect_e,0.132925149262255
sub022,open,laterilsation index,500pre,corinne,rt,fast,0.129117515974153
sub022,open,laterilsation index,500pre,corinne,rt,slow,0.127396984840613
sub022,open,somatovisual balance,500pre,corinne,accuracy_e,correct_e,0.836559126912309
sub022,open,somatovisual balance,500pre,corinne,accuracy_e,incorrect_e,0.84859236828011
sub022,open,somatovisual balance,500pre,corinne,rt,fast,0.836287866362001
sub022,open,somatovisual balance,500pre,corinne,rt,slow,0.843825458807553
sub022,closed,visual power,500pre,corinne,accuracy_e,correct_e,-0.0993407918091993
sub022,closed,visual power,500pre,corinne,accuracy_e,incorrect_e,-0.197409930249978
sub022,closed,visual power,500pre,corinne,rt,fast,-0.107092798175652
sub022,closed,visual power,500pre,corinne,rt,slow,-0.0818690097711765
sub022,closed,laterilsation index,500pre,corinne,accuracy_e,correct_e,0.10605964184178
sub022,closed,laterilsation index,500pre,corinne,accuracy_e,incorrect_e,0.113208039601194
sub022,closed,laterilsation index,500pre,corinne,rt,fast,0.15349312630884
sub022,closed,laterilsation index,500pre,corinne,rt,slow,0.0608467411929267
sub022,closed,somatovisual balance,500pre,corinne,accuracy_e,correct_e,0.885843745698829
sub022,closed,somatovisual balance,500pre,corinne,accuracy_e,incorrect_e,0.86980794945308
sub022,closed,somatovisual balance,500pre,corinne,rt,fast,0.886259127045168
sub022,closed,somatovisual balance,500pre,corinne,rt,slow,0.869035253925697
sub023,open,visual power,500pre,corinne,accuracy_e,correct_e,0.506257870091571
sub023,open,visual power,500pre,corinne,accuracy_e,incorrect_e,0.0995274868609611
sub023,open,visual power,500pre,corinne,rt,fast,0.304121385038807
sub023,open,visual power,500pre,corinne,rt,slow,0.207349253182741
sub023,open,laterilsation index,500pre,corinne,accuracy_e,correct_e,0.212922828523372
sub023,open,laterilsation index,500pre,corinne,accuracy_e,incorrect_e,0.147584108855294
sub023,open,laterilsation index,500pre,corinne,rt,fast,0.173118609629246
sub023,open,laterilsation index,500pre,corinne,rt,slow,0.12021593348357
sub023,open,somatovisual balance,500pre,corinne,accuracy_e,correct_e,0.37980154956016
sub023,open,somatovisual balance,500pre,corinne,accuracy_e,incorrect_e,0.29082633560015
sub023,open,somatovisual balance,500pre,corinne,rt,fast,0.506004762506213
sub023,open,somatovisual balance,500pre,corinne,rt,slow,0.301150864931312
sub023,closed,visual power,500pre,corinne,accuracy_e,correct_e,-0.0405707227527225
sub023,closed,visual power,500pre,corinne,accuracy_e,incorrect_e,-0.171197094101015
sub023,closed,visual power,500pre,corinne,rt,fast,-0.14210379575818
sub023,closed,visual power,500pre,corinne,rt,slow,-0.175506577524657
sub023,closed,laterilsation index,500pre,corinne,accuracy_e,correct_e,0.144999063518652
sub023,closed,laterilsation index,500pre,corinne,accuracy_e,incorrect_e,0.0868907367706448
sub023,closed,laterilsation index,500pre,corinne,rt,fast,0.116757585881306
sub023,closed,laterilsation index,500pre,corinne,rt,slow,0.164656128150127
sub023,closed,somatovisual balance,500pre,corinne,accuracy_e,correct_e,0.516328346462678
sub023,closed,somatovisual balance,500pre,corinne,accuracy_e,incorrect_e,0.444949353590027
sub023,closed,somatovisual balance,500pre,corinne,rt,fast,0.59346566023359
sub023,closed,somatovisual balance,500pre,corinne,rt,slow,0.537407356965564
sub024,open,visual power,500pre,corinne,accuracy_e,correct_e,1.31422341943438
sub024,open,visual power,500pre,corinne,accuracy_e,incorrect_e,0.765451788289929
sub024,open,visual power,500pre,corinne,rt,fast,1.41150369820031
sub024,open,visual power,500pre,corinne,rt,slow,1.34199859470314
sub024,open,laterilsation index,500pre,corinne,accuracy_e,correct_e,0.000509926694595674
sub024,open,laterilsation index,500pre,corinne,accuracy_e,incorrect_e,0.0275068327256742
sub024,open,laterilsation index,500pre,corinne,rt,fast,0.0116517872352966
sub024,open,laterilsation index,500pre,corinne,rt,slow,-0.00567574279803358
sub024,open,somatovisual balance,500pre,corinne,accuracy_e,correct_e,0.539247560671417
sub024,open,somatovisual balance,500pre,corinne,accuracy_e,incorrect_e,0.599991030880048
sub024,open,somatovisual balance,500pre,corinne,rt,fast,0.551621686062085
sub024,open,somatovisual balance,500pre,corinne,rt,slow,0.607478734056254
sub024,closed,visual power,500pre,corinne,accuracy_e,correct_e,-0.0488302332494453
sub024,closed,visual power,500pre,corinne,accuracy_e,incorrect_e,0.119556840286046
sub024,closed,visual power,500pre,corinne,rt,fast,-0.162545326703516
sub024,closed,visual power,500pre,corinne,rt,slow,-0.0461745577983469
sub024,closed,laterilsation index,500pre,corinne,accuracy_e,correct_e,0.0257667667795425
sub024,closed,laterilsation index,500pre,corinne,accuracy_e,incorrect_e,-0.0230168640438862
sub024,closed,laterilsation index,500pre,corinne,rt,fast,0.0313524406274594
sub024,closed,laterilsation index,500pre,corinne,rt,slow,0.0660061891588825
sub024,closed,somatovisual balance,500pre,corinne,accuracy_e,correct_e,0.675337520374704
sub024,closed,somatovisual balance,500pre,corinne,accuracy_e,incorrect_e,0.648970501887452
sub024,closed,somatovisual balance,500pre,corinne,rt,fast,0.680554132389693
sub024,closed,somatovisual balance,500pre,corinne,rt,slow,0.694746006968345
sub025,open,visual power,500pre,corinne,accuracy_e,correct_e,1.49362510901172
sub025,open,visual power,500pre,corinne,accuracy_e,incorrect_e,0.781303365666103
sub025,open,visual power,500pre,corinne,rt,fast,1.46553024650992
sub025,open,visual power,500pre,corinne,rt,slow,1.53990892970468
sub025,open,laterilsation index,500pre,corinne,accuracy_e,correct_e,-0.00190443760747566
sub025,open,laterilsation index,500pre,corinne,accuracy_e,incorrect_e,0.0631597905478435
sub025,open,laterilsation index,500pre,corinne,rt,fast,-0.0119773652369838
sub025,open,laterilsation index,500pre,corinne,rt,slow,0.0181413974923303
sub025,open,somatovisual balance,500pre,corinne,accuracy_e,correct_e,0.640919165011292
sub025,open,somatovisual balance,500pre,corinne,accuracy_e,incorrect_e,0.630829136202673
sub025,open,somatovisual balance,500pre,corinne,rt,fast,0.668203176478157
sub025,open,somatovisual balance,500pre,corinne,rt,slow,0.649990166527868
sub025,closed,visual power,500pre,corinne,accuracy_e,correct_e,0.0448792573343709
sub025,closed,visual power,500pre,corinne,accuracy_e,incorrect_e,0.0812086289652235
sub025,closed,visual power,500pre,corinne,rt,fast,0.148437829742768
sub025,closed,visual power,500pre,corinne,rt,slow,0.066361144992248
sub025,closed,laterilsation index,500pre,corinne,accuracy_e,correct_e,-0.0403056030333126
sub025,closed,laterilsation index,500pre,corinne,accuracy_e,incorrect_e,0.00469064499585801
sub025,closed,laterilsation index,500pre,corinne,rt,fast,0.00772526118122115
sub025,closed,laterilsation index,500pre,corinne,rt,slow,-0.0284983661291544
sub025,closed,somatovisual balance,500pre,corinne,accuracy_e,correct_e,0.742796701518117
sub025,closed,somatovisual balance,500pre,corinne,accuracy_e,incorrect_e,0.768885928529315
sub025,closed,somatovisual balance,500pre,corinne,rt,fast,0.784768228346905
sub025,closed,somatovisual balance,500pre,corinne,rt,slow,0.727083988602364
sub026,open,visual power,500pre,corinne,accuracy_e,correct_e,-0.139616055308353
sub026,open,visual power,500pre,corinne,accuracy_e,incorrect_e,-0.0846335093182085
sub026,open,visual power,500pre,corinne,rt,fast,-0.0171874437585514
sub026,open,visual power,500pre,corinne,rt,slow,-0.0330825542790562
sub026,open,laterilsation index,500pre,corinne,accuracy_e,correct_e,-0.0103735829794184
sub026,open,laterilsation index,500pre,corinne,accuracy_e,incorrect_e,0.0428217523142219
sub026,open,laterilsation index,500pre,corinne,rt,fast,-0.0267341398960575
sub026,open,laterilsation index,500pre,corinne,rt,slow,-0.035586345590466
sub026,open,somatovisual balance,500pre,corinne,accuracy_e,correct_e,0.276437701337848
sub026,open,somatovisual balance,500pre,corinne,accuracy_e,incorrect_e,0.286585435258001
sub026,open,somatovisual balance,500pre,corinne,rt,fast,0.295497267566953
sub026,open,somatovisual balance,500pre,corinne,rt,slow,0.248079506825465
sub026,closed,visual power,500pre,corinne,accuracy_e,correct_e,-0.313814706096173
sub026,closed,visual power,500pre,corinne,accuracy_e,incorrect_e,-0.260619948994866
sub026,closed,visual power,500pre,corinne,rt,fast,-0.210983055725113
sub026,closed,visual power,500pre,corinne,rt,slow,-0.221122100047362
sub026,closed,laterilsation index,500pre,corinne,accuracy_e,correct_e,-0.0301171236676547
sub026,closed,laterilsation index,500pre,corinne,accuracy_e,incorrect_e,0.0224699620314608
sub026,closed,laterilsation index,500pre,corinne,rt,fast,-0.0277216662146532
sub026,closed,laterilsation index,500pre,corinne,rt,slow,0.0690228741357892
sub026,closed,somatovisual balance,500pre,corinne,accuracy_e,correct_e,0.440443485159234
sub026,closed,somatovisual balance,500pre,corinne,accuracy_e,incorrect_e,0.405802091530382
sub026,closed,somatovisual balance,500pre,corinne,rt,fast,0.417062897771558
sub026,closed,somatovisual balance,500pre,corinne,rt,slow,0.486723947443659
sub027,open,visual power,500pre,corinne,accuracy_e,correct_e,0.943506062286492
sub027,open,visual power,500pre,corinne,accuracy_e,incorrect_e,0.441058648013222
sub027,open,visual power,500pre,corinne,rt,fast,0.530326084371435
sub027,open,visual power,500pre,corinne,rt,slow,0.442213341860275
sub027,open,laterilsation index,500pre,corinne,accuracy_e,correct_e,-0.0225720716590393
sub027,open,laterilsation index,500pre,corinne,accuracy_e,incorrect_e,-0.0409092711723848
sub027,open,laterilsation index,500pre,corinne,rt,fast,0.0731739098062758
sub027,open,laterilsation index,500pre,corinne,rt,slow,0.0672273295868003
sub027,open,somatovisual balance,500pre,corinne,accuracy_e,correct_e,0.503043541996157
sub027,open,somatovisual balance,500pre,corinne,accuracy_e,incorrect_e,0.501172695820892
sub027,open,somatovisual balance,500pre,corinne,rt,fast,0.514223636909319
sub027,open,somatovisual balance,500pre,corinne,rt,slow,0.531430965422423
sub027,closed,visual power,500pre,corinne,accuracy_e,correct_e,-0.136804894500057
sub027,closed,visual power,500pre,corinne,accuracy_e,incorrect_e,-0.113846402879804
sub027,closed,visual power,500pre,corinne,rt,fast,-0.152686459316583
sub027,closed,visual power,500pre,corinne,rt,slow,-0.0809275311499733
sub027,closed,laterilsation index,500pre,corinne,accuracy_e,correct_e,-0.0330673951582997
sub027,closed,laterilsation index,500pre,corinne,accuracy_e,incorrect_e,-0.000417667608122709
sub027,closed,laterilsation index,500pre,corinne,rt,fast,0.0342430143944822
sub027,closed,laterilsation index,500pre,corinne,rt,slow,0.00807449052350802
sub027,closed,somatovisual balance,500pre,corinne,accuracy_e,correct_e,0.561669043003336
sub027,closed,somatovisual balance,500pre,corinne,accuracy_e,incorrect_e,0.580542810845327
sub027,closed,somatovisual balance,500pre,corinne,rt,fast,0.578524508342997
sub027,closed,somatovisual balance,500pre,corinne,rt,slow,0.5603716032555
sub028,open,visual power,500pre,corinne,accuracy_e,correct_e,-0.205165149486919
sub028,open,visual power,500pre,corinne,accuracy_e,incorrect_e,-0.138487772139766
sub028,open,visual power,500pre,corinne,rt,fast,-0.207646836753317
sub028,open,visual power,500pre,corinne,rt,slow,-0.127582419916698
sub028,open,laterilsation index,500pre,corinne,accuracy_e,correct_e,0.133318530783149
sub028,open,laterilsation index,500pre,corinne,accuracy_e,incorrect_e,0.169379162675392
sub028,open,laterilsation index,500pre,corinne,rt,fast,0.19818563588963
sub028,open,laterilsation index,500pre,corinne,rt,slow,0.102787279216837
sub028,open,somatovisual balance,500pre,corinne,accuracy_e,correct_e,0.665745631566163
sub028,open,somatovisual balance,500pre,corinne,accuracy_e,incorrect_e,0.687684205398994
sub028,open,somatovisual balance,500pre,corinne,rt,fast,0.698800136388131
sub028,open,somatovisual balance,500pre,corinne,rt,slow,0.672238562221545
sub028,closed,visual power,500pre,corinne,accuracy_e,correct_e,-0.0622365866645442
sub028,closed,visual power,500pre,corinne,accuracy_e,incorrect_e,-0.0388031383339624
sub028,closed,visual power,500pre,corinne,rt,fast,-0.0676841277993181
sub028,closed,visual power,500pre,corinne,rt,slow,-0.151544293304703
sub028,closed,laterilsation index,500pre,corinne,accuracy_e,correct_e,0.0381423239707786
sub028,closed,laterilsation index,500pre,corinne,accuracy_e,incorrect_e,0.0117680936739165
sub028,closed,laterilsation index,500pre,corinne,rt,fast,0.0751601909425022
sub028,closed,laterilsation index,500pre,corinne,rt,slow,0.102908768044809
sub028,closed,somatovisual balance,500pre,corinne,accuracy_e,correct_e,0.808217635845037
sub028,closed,somatovisual balance,500pre,corinne,accuracy_e,incorrect_e,0.781166657656607
sub028,closed,somatovisual balance,500pre,corinne,rt,fast,0.802349721621667
sub028,closed,somatovisual balance,500pre,corinne,rt,slow,0.792861357892039
sub029,open,visual power,500pre,corinne,accuracy_e,correct_e,0.0267969780344201
sub029,open,visual power,500pre,corinne,accuracy_e,incorrect_e,-0.12567851046649
sub029,open,visual power,500pre,corinne,rt,fast,0.0484936539205841
sub029,open,visual power,500pre,corinne,rt,slow,0.143318458639014
sub029,open,laterilsation index,500pre,corinne,accuracy_e,correct_e,0.0348754191808006
sub029,open,laterilsation index,500pre,corinne,accuracy_e,incorrect_e,0.125962811200827
sub029,open,laterilsation index,500pre,corinne,rt,fast,-9.5088110715578e-05
sub029,open,laterilsation index,500pre,corinne,rt,slow,0.00444226827447893
sub029,open,somatovisual balance,500pre,corinne,accuracy_e,correct_e,0.557278723519658
sub029,open,somatovisual balance,500pre,corinne,accuracy_e,incorrect_e,0.579065560148677
sub029,open,somatovisual balance,500pre,corinne,rt,fast,0.499442478686399
sub029,open,somatovisual balance,500pre,corinne,rt,slow,0.581000468632424
sub029,closed,visual power,500pre,corinne,accuracy_e,correct_e,-0.32688928763356
sub029,closed,visual power,500pre,corinne,accuracy_e,incorrect_e,-0.297305045238876
sub029,closed,visual power,500pre,corinne,rt,fast,-0.23679245342598
sub029,closed,visual power,500pre,corinne,rt,slow,-0.368548619605976
sub029,closed,laterilsation index,500pre,corinne,accuracy_e,correct_e,-0.0864308215991796
sub029,closed,laterilsation index,500pre,corinne,accuracy_e,incorrect_e,0.126132797338913
sub029,closed,laterilsation index,500pre,corinne,rt,fast,-0.102400101198629
sub029,closed,laterilsation index,500pre,corinne,rt,slow,0.0143378234510347
sub029,closed,somatovisual balance,500pre,corinne,accuracy_e,correct_e,0.675421970071773
sub029,closed,somatovisual balance,500pre,corinne,accuracy_e,incorrect_e,0.73917653337389
sub029,closed,somatovisual balance,500pre,corinne,rt,fast,0.715213178840229
sub029,closed,somatovisual balance,500pre,corinne,rt,slow,0.710062602366978
sub030,open,visual power,500pre,corinne,accuracy_e,correct_e,0.0907638574043261
sub030,open,visual power,500pre,corinne,accuracy_e,incorrect_e,0.298746624996721
sub030,open,visual power,500pre,corinne,rt,fast,0.092500346654031
sub030,open,visual power,500pre,corinne,rt,slow,0.0767431104665311
sub030,open,laterilsation index,500pre,corinne,accuracy_e,correct_e,-0.0218621890425128
sub030,open,laterilsation index,500pre,corinne,accuracy_e,incorrect_e,0.00174595989594836
sub030,open,laterilsation index,500pre,corinne,rt,fast,-0.0263253329772847
sub030,open,laterilsation index,500pre,corinne,rt,slow,-0.0114732268345339
sub030,open,somatovisual balance,500pre,corinne,accuracy_e,correct_e,0.788006138369275
sub030,open,somatovisual balance,500pre,corinne,accuracy_e,incorrect_e,0.81147066154865
sub030,open,somatovisual balance,500pre,corinne,rt,fast,0.789882783782917
sub030,open,somatovisual balance,500pre,corinne,rt,slow,0.789668278949449
sub030,closed,visual power,500pre,corinne,accuracy_e,correct_e,-0.147660629788788
sub030,closed,visual power,500pre,corinne,accuracy_e,incorrect_e,-0.150840819825173
sub030,closed,visual power,500pre,corinne,rt,fast,-0.173413429204324
sub030,closed,visual power,500pre,corinne,rt,slow,-0.179971691614869
sub030,closed,laterilsation index,500pre,corinne,accuracy_e,correct_e,-0.0863333427768696
sub030,closed,laterilsation index,500pre,corinne,accuracy_e,incorrect_e,-0.0364340994901876
sub030,closed,laterilsation index,500pre,corinne,rt,fast,0.0316777930410012
sub030,closed,laterilsation index,500pre,corinne,rt,slow,-0.0260944357681725
sub030,closed,somatovisual balance,500pre,corinne,accuracy_e,correct_e,0.859435534898174
sub030,closed,somatovisual balance,500pre,corinne,accuracy_e,incorrect_e,0.8550113181349
sub030,closed,somatovisual balance,500pre,corinne,rt,fast,0.872114655630589
sub030,closed,somatovisual balance,500pre,corinne,rt,slow,0.848419422264384
sub031,open,visual power,500pre,corinne,accuracy_e,correct_e,0.700050978308781
sub031,open,visual power,500pre,corinne,accuracy_e,incorrect_e,0.641945210899951
sub031,open,visual power,500pre,corinne,rt,fast,1.10618572325411
sub031,open,visual power,500pre,corinne,rt,slow,0.7293339404935
sub031,open,laterilsation index,500pre,corinne,accuracy_e,correct_e,-0.00992904819821266
sub031,open,laterilsation index,500pre,corinne,accuracy_e,incorrect_e,0.0441132490693334
sub031,open,laterilsation index,500pre,corinne,rt,fast,0.0354681055703969
sub031,open,laterilsation index,500pre,corinne,rt,slow,0.0635372508386646
sub031,open,somatovisual balance,500pre,corinne,accuracy_e,correct_e,0.49207521544027
sub031,open,somatovisual balance,500pre,corinne,accuracy_e,incorrect_e,0.532316663809881
sub031,open,somatovisual balance,500pre,corinne,rt,fast,0.545820978437182
sub031,open,somatovisual balance,500pre,corinne,rt,slow,0.506456204887505
sub031,closed,visual power,500pre,corinne,accuracy_e,correct_e,-0.275875618001465
sub031,closed,visual power,500pre,corinne,accuracy_e,incorrect_e,-0.140077205320209
sub031,closed,visual power,500pre,corinne,rt,fast,-0.207580259485516
sub031,closed,visual power,500pre,corinne,rt,slow,-0.246005584957971
sub031,closed,laterilsation index,500pre,corinne,accuracy_e,correct_e,0.107218191200788
sub031,closed,laterilsation index,500pre,corinne,accuracy_e,incorrect_e,0.0171901948676862
sub031,closed,laterilsation index,500pre,corinne,rt,fast,0.101868079207198
sub031,closed,laterilsation index,500pre,corinne,rt,slow,0.0828553870372699
sub031,closed,somatovisual balance,500pre,corinne,accuracy_e,correct_e,0.547999168505781
sub031,closed,somatovisual balance,500pre,corinne,accuracy_e,incorrect_e,0.521107467175439
sub031,closed,somatovisual balance,500pre,corinne,rt,fast,0.5520099486143
sub031,closed,somatovisual balance,500pre,corinne,rt,slow,0.564585178925942
sub032,open,visual power,500pre,corinne,accuracy_e,correct_e,0.456879342274628
sub032,open,visual power,500pre,corinne,accuracy_e,incorrect_e,0.399302534192123
sub032,open,visual power,500pre,corinne,rt,fast,0.739727312478452
sub032,open,visual power,500pre,corinne,rt,slow,0.424472863453766
sub032,open,laterilsation index,500pre,corinne,accuracy_e,correct_e,-0.0635656661101073
sub032,open,laterilsation index,500pre,corinne,accuracy_e,incorrect_e,0.0133356071229537
sub032,open,laterilsation index,500pre,corinne,rt,fast,-0.0588942036254055
sub032,open,laterilsation index,500pre,corinne,rt,slow,0.0420261950320401
sub032,open,somatovisual balance,500pre,corinne,accuracy_e,correct_e,0.887050943043287
sub032,open,somatovisual balance,500pre,corinne,accuracy_e,incorrect_e,0.88379074153118
sub032,open,somatovisual balance,500pre,corinne,rt,fast,0.890103981505325
sub032,open,somatovisual balance,500pre,corinne,rt,slow,0.889060275208375
sub032,closed,visual power,500pre,corinne,accuracy_e,correct_e,-0.216081716724616
sub032,closed,visual power,500pre,corinne,accuracy_e,incorrect_e,-0.268551229889713
sub032,closed,visual power,500pre,corinne,rt,fast,-0.283279738863762
sub032,closed,visual power,500pre,corinne,rt,slow,-0.201864620466209
sub032,closed,laterilsation index,500pre,corinne,accuracy_e,correct_e,0.0188723124238111
sub032,closed,laterilsation index,500pre,corinne,accuracy_e,incorrect_e,-0.0340654790368291
sub032,closed,laterilsation index,500pre,corinne,rt,fast,0.0012248710366289
sub032,closed,laterilsation index,500pre,corinne,rt,slow,0.0219021372749546
sub032,closed,somatovisual balance,500pre,corinne,accuracy_e,correct_e,0.901891461796267
sub032,closed,somatovisual balance,500pre,corinne,accuracy_e,incorrect_e,0.902122757554683
sub032,closed,somatovisual balance,500pre,corinne,rt,fast,0.893477407882324
sub032,closed,somatovisual balance,500pre,corinne,rt,slow,0.906231847300578
sub033,open,visual power,500pre,corinne,accuracy_e,correct_e,0.494067823312393
sub033,open,visual power,500pre,corinne,accuracy_e,incorrect_e,0.750221194599852
sub033,open,visual power,500pre,corinne,rt,fast,0.613548898720133
sub033,open,visual power,500pre,corinne,rt,slow,0.417887855180097
sub033,open,laterilsation index,500pre,corinne,accuracy_e,correct_e,0.00338836639148986
sub033,open,laterilsation index,500pre,corinne,accuracy_e,incorrect_e,0.146686162704293
sub033,open,laterilsation index,500pre,corinne,rt,fast,0.041325132471081
sub033,open,laterilsation index,500pre,corinne,rt,slow,0.0836118936408712
sub033,open,somatovisual balance,500pre,corinne,accuracy_e,correct_e,0.652954915525484
sub033,open,somatovisual balance,500pre,corinne,accuracy_e,incorrect_e,0.710032463110765
sub033,open,somatovisual balance,500pre,corinne,rt,fast,0.656747446007984
sub033,open,somatovisual balance,500pre,corinne,rt,slow,0.650188968860773
sub033,closed,visual power,500pre,corinne,accuracy_e,correct_e,0.135000966223975
sub033,closed,visual power,500pre,corinne,accuracy_e,incorrect_e,0.0209725768617063
sub033,closed,visual power,500pre,corinne,rt,fast,0.176446323002957
sub033,closed,visual power,500pre,corinne,rt,slow,0.0982896101660368
sub033,closed,laterilsation index,500pre,corinne,accuracy_e,correct_e,0.0209060039310045
sub033,closed,laterilsation index,500pre,corinne,accuracy_e,incorrect_e,-0.0856620029638621
sub033,closed,laterilsation index,500pre,corinne,rt,fast,0.0736241453224758
sub033,closed,laterilsation index,500pre,corinne,rt,slow,0.00875260372230245
sub033,closed,somatovisual balance,500pre,corinne,accuracy_e,correct_e,0.845172714348807
sub033,closed,somatovisual balance,500pre,corinne,accuracy_e,incorrect_e,0.812603327442344
sub033,closed,somatovisual balance,500pre,corinne,rt,fast,0.821137872471224
sub033,closed,somatovisual balance,500pre,corinne,rt,slow,0.8212048670983
sub034,open,visual power,500pre,corinne,accuracy_e,correct_e,0.0303205767465505
sub034,open,visual power,500pre,corinne,accuracy_e,incorrect_e,0.0106564469388939
sub034,open,visual power,500pre,corinne,rt,fast,0.280121551390118
sub034,open,visual power,500pre,corinne,rt,slow,0.226298633230408
sub034,open,laterilsation index,500pre,corinne,accuracy_e,correct_e,0.0273688858897691
sub034,open,laterilsation index,500pre,corinne,accuracy_e,incorrect_e,-0.000642179456487399
sub034,open,laterilsation index,500pre,corinne,rt,fast,0.0533828955343869
sub034,open,laterilsation index,500pre,corinne,rt,slow,0.0829966075198094
sub034,open,somatovisual balance,500pre,corinne,accuracy_e,correct_e,0.404226794948449
sub034,open,somatovisual balance,500pre,corinne,accuracy_e,incorrect_e,0.430270545587002
sub034,open,somatovisual balance,500pre,corinne,rt,fast,0.466085058459249
sub034,open,somatovisual balance,500pre,corinne,rt,slow,0.477673453660887
sub034,closed,visual power,500pre,corinne,accuracy_e,correct_e,5.13898332629731e-05
sub034,closed,visual power,500pre,corinne,accuracy_e,incorrect_e,-0.145797113063122
sub034,closed,visual power,500pre,corinne,rt,fast,-0.0743395145241729
sub034,closed,visual power,500pre,corinne,rt,slow,-0.02371019792824
sub034,closed,laterilsation index,500pre,corinne,accuracy_e,correct_e,0.0289667097280209
sub034,closed,laterilsation index,500pre,corinne,accuracy_e,incorrect_e,-0.0919687575224594
sub034,closed,laterilsation index,500pre,corinne,rt,fast,0.0286593188274294
sub034,closed,laterilsation index,500pre,corinne,rt,slow,0.102384283143897
sub034,closed,somatovisual balance,500pre,corinne,accuracy_e,correct_e,0.695129638742809
sub034,closed,somatovisual balance,500pre,corinne,accuracy_e,incorrect_e,0.638942609690228
sub034,closed,somatovisual balance,500pre,corinne,rt,fast,0.714406716138156
sub034,closed,somatovisual balance,500pre,corinne,rt,slow,0.724187996719581
sub035,open,visual power,500pre,corinne,accuracy_e,correct_e,0.0250096336783352
sub035,open,visual power,500pre,corinne,accuracy_e,incorrect_e,0.0778042519673973
sub035,open,visual power,500pre,corinne,rt,fast,0.130668660083598
sub035,open,visual power,500pre,corinne,rt,slow,0.112257251509538
sub035,open,laterilsation index,500pre,corinne,accuracy_e,correct_e,0.0294112653593645
sub035,open,laterilsation index,500pre,corinne,accuracy_e,incorrect_e,0.00999281178469485
sub035,open,laterilsation index,500pre,corinne,rt,fast,0.0453623737481782
sub035,open,laterilsation index,500pre,corinne,rt,slow,0.0491142259582598
sub035,open,somatovisual balance,500pre,corinne,accuracy_e,correct_e,0.679394504078409
sub035,open,somatovisual balance,500pre,corinne,accuracy_e,incorrect_e,0.669957398521819
sub035,open,somatovisual balance,500pre,corinne,rt,fast,0.683637365882604
sub035,open,somatovisual balance,500pre,corinne,rt,slow,0.701273302056213
sub035,closed,visual power,500pre,corinne,accuracy_e,correct_e,0.00429924592306765
sub035,closed,visual power,500pre,corinne,accuracy_e,incorrect_e,-0.0636163441613335
sub035,closed,visual power,500pre,corinne,rt,fast,-0.0958920424428814
sub035,closed,visual power,500pre,corinne,rt,slow,-0.112062610650736
sub035,closed,laterilsation index,500pre,corinne,accuracy_e,correct_e,-0.00806702788345487
sub035,closed,laterilsation index,500pre,corinne,accuracy_e,incorrect_e,0.0274324086888876
sub035,closed,laterilsation index,500pre,corinne,rt,fast,0.0510497036646949
sub035,closed,laterilsation index,500pre,corinne,rt,slow,-0.027293033597931
sub035,closed,somatovisual balance,500pre,corinne,accuracy_e,correct_e,0.722620617169025
sub035,closed,somatovisual balance,500pre,corinne,accuracy_e,incorrect_e,0.716057293811325
sub035,closed,somatovisual balance,500pre,corinne,rt,fast,0.717119171929106
sub035,closed,somatovisual balance,500pre,corinne,rt,slow,0.702198093509425
sub036,open,visual power,500pre,corinne,accuracy_e,correct_e,0.401234328408628
sub036,open,visual power,500pre,corinne,accuracy_e,incorrect_e,0.42380311858215
sub036,open,visual power,500pre,corinne,rt,fast,0.378827895187656
sub036,open,visual power,500pre,corinne,rt,slow,0.460009494234278
sub036,open,laterilsation index,500pre,corinne,accuracy_e,correct_e,0.0545566664403732
sub036,open,laterilsation index,500pre,corinne,accuracy_e,incorrect_e,0.0383937553631621
sub036,open,laterilsation index,500pre,corinne,rt,fast,0.0701866083856386
sub036,open,laterilsation index,500pre,corinne,rt,slow,0.0391665634030717
sub036,open,somatovisual balance,500pre,corinne,accuracy_e,correct_e,0.564701502487264
sub036,open,somatovisual balance,500pre,corinne,accuracy_e,incorrect_e,0.548284090259339
sub036,open,somatovisual balance,500pre,corinne,rt,fast,0.568776454947989
sub036,open,somatovisual balance,500pre,corinne,rt,slow,0.557739929813924
sub036,closed,visual power,500pre,corinne,accuracy_e,correct_e,0.041075100658355
sub036,closed,visual power,500pre,corinne,accuracy_e,incorrect_e,0.0316772541177024
sub036,closed,visual power,500pre,corinne,rt,fast,0.133313243031296
sub036,closed,visual power,500pre,corinne,rt,slow,0.0761774833707278
sub036,closed,laterilsation index,500pre,corinne,accuracy_e,correct_e,0.034229994081078
sub036,closed,laterilsation index,500pre,corinne,accuracy_e,incorrect_e,0.0468770632720533
sub036,closed,laterilsation index,500pre,corinne,rt,fast,0.0138582756739129
sub036,closed,laterilsation index,500pre,corinne,rt,slow,0.00189225794548238
sub036,closed,somatovisual balance,500pre,corinne,accuracy_e,correct_e,0.58289555311917
sub036,closed,somatovisual balance,500pre,corinne,accuracy_e,incorrect_e,0.586034021644934
sub036,closed,somatovisual balance,500pre,corinne,rt,fast,0.592213032981949
sub036,closed,somatovisual balance,500pre,corinne,rt,slow,0.582143253098169
sub037,open,visual power,500pre,corinne,accuracy_e,correct_e,-0.208444443594616
sub037,open,visual power,500pre,corinne,accuracy_e,incorrect_e,-0.184602109959373
sub037,open,visual power,500pre,corinne,rt,fast,0.0495580581759512
sub037,open,visual power,500pre,corinne,rt,slow,-0.0539741772988253
sub037,open,laterilsation index,500pre,corinne,accuracy_e,correct_e,0.0968376153808905
sub037,open,laterilsation index,500pre,corinne,accuracy_e,incorrect_e,0.078460172153739
sub037,open,laterilsation index,500pre,corinne,rt,fast,-0.0166995231133788
sub037,open,laterilsation index,500pre,corinne,rt,slow,-0.00484203807880551
sub037,open,somatovisual balance,500pre,corinne,accuracy_e,correct_e,0.528789194683778
sub037,open,somatovisual balance,500pre,corinne,accuracy_e,incorrect_e,0.455581728950452
sub037,open,somatovisual balance,500pre,corinne,rt,fast,0.510790278518068
sub037,open,somatovisual balance,500pre,corinne,rt,slow,0.485326420305779
sub037,closed,visual power,500pre,corinne,accuracy_e,correct_e,-0.284357312624503
sub037,closed,visual power,500pre,corinne,accuracy_e,incorrect_e,-0.394310740304545
sub037,closed,visual power,500pre,corinne,rt,fast,-0.170813502394991
sub037,closed,visual power,500pre,corinne,rt,slow,-0.260966286882415
sub037,closed,laterilsation index,500pre,corinne,accuracy_e,correct_e,0.0177696869812172
sub037,closed,laterilsation index,500pre,corinne,accuracy_e,incorrect_e,0.00543418621510905
sub037,closed,laterilsation index,500pre,corinne,rt,fast,-0.0640426576638905
sub037,closed,laterilsation index,500pre,corinne,rt,slow,0.0181451212403054
sub037,closed,somatovisual balance,500pre,corinne,accuracy_e,correct_e,0.55336857227311
sub037,closed,somatovisual balance,500pre,corinne,accuracy_e,incorrect_e,0.520741795702385
sub037,closed,somatovisual balance,500pre,corinne,rt,fast,0.566498853944256
sub037,closed,somatovisual balance,500pre,corinne,rt,slow,0.571804507373478
sub039,open,visual power,500pre,corinne,accuracy_e,correct_e,0.0884661619976595
sub039,open,visual power,500pre,corinne,accuracy_e,incorrect_e,-0.118172127118852
sub039,open,visual power,500pre,corinne,rt,fast,0.256500062998722
sub039,open,visual power,500pre,corinne,rt,slow,0.163441852955419
sub039,open,laterilsation index,500pre,corinne,accuracy_e,correct_e,-0.0280579299820519
sub039,open,laterilsation index,500pre,corinne,accuracy_e,incorrect_e,-0.145871308721878
sub039,open,laterilsation index,500pre,corinne,rt,fast,-0.00170518774283623
sub039,open,laterilsation index,500pre,corinne,rt,slow,-0.00116168621387234
sub039,open,somatovisual balance,500pre,corinne,accuracy_e,correct_e,0.875184809932773
sub039,open,somatovisual balance,500pre,corinne,accuracy_e,incorrect_e,0.869127914385079
sub039,open,somatovisual balance,500pre,corinne,rt,fast,0.864882763103997
sub039,open,somatovisual balance,500pre,corinne,rt,slow,0.875301572501653
sub039,closed,visual power,500pre,corinne,accuracy_e,correct_e,-0.0341247641924405
sub039,closed,visual power,500pre,corinne,accuracy_e,incorrect_e,-0.088359155372325
sub039,closed,visual power,500pre,corinne,rt,fast,-0.051483792591432
sub039,closed,visual power,500pre,corinne,rt,slow,-0.0246107382939973
sub039,closed,laterilsation index,500pre,corinne,accuracy_e,correct_e,0.0758321390274465
sub039,closed,laterilsation index,500pre,corinne,accuracy_e,incorrect_e,-0.0723440612695475
sub039,closed,laterilsation index,500pre,corinne,rt,fast,-0.026541695595971
sub039,closed,laterilsation index,500pre,corinne,rt,slow,0.00587176254227675
sub039,closed,somatovisual balance,500pre,corinne,accuracy_e,correct_e,0.922284415652035
sub039,closed,somatovisual balance,500pre,corinne,accuracy_e,incorrect_e,0.893214410623167
sub039,closed,somatovisual balance,500pre,corinne,rt,fast,0.902611359475266
sub039,closed,somatovisual balance,500pre,corinne,rt,slow,0.901435489818223
