sub,eye,roi,window,compare,cond,value
sub001,open,Brodmann area 41,stim500pre,accuracy,correct,0.0777330672666827
sub001,open,Brodmann area 41,stim500pre,accuracy,incorrect,0.389941251366135
sub001,open,Brodmann area 41,stim500pre,accuracy_e,correct_e,0.121071185010095
sub001,open,Brodmann area 41,stim500pre,accuracy_e,incorrect_e,0.389941251366135
sub001,open,Brodmann area 41,stim500pre,rt,fast,0.179174544925427
sub001,open,Brodmann area 41,stim500pre,rt,slow,-0.0119947376348654
sub001,open,Brodmann area 42,stim500pre,accuracy,correct,-0.0303167751498503
sub001,open,Brodmann area 42,stim500pre,accuracy,incorrect,0.428837262408563
sub001,open,Brodmann area 42,stim500pre,accuracy_e,correct_e,-0.18571627277144
sub001,open,Brodmann area 42,stim500pre,accuracy_e,incorrect_e,0.428837262408563
sub001,open,Brodmann area 42,stim500pre,rt,fast,0.121865094971154
sub001,open,Brodmann area 42,stim500pre,rt,slow,-0.156103433556026
sub001,open,Brodmann area 22,stim500pre,accuracy,correct,0.132138898877871
sub001,open,Brodmann area 22,stim500pre,accuracy,incorrect,0.242208657268351
sub001,open,Brodmann area 22,stim500pre,accuracy_e,correct_e,0.470632606040597
sub001,open,Brodmann area 22,stim500pre,accuracy_e,incorrect_e,0.242208657268351
sub001,open,Brodmann area 22,stim500pre,rt,fast,0.203482710559834
sub001,open,Brodmann area 22,stim500pre,rt,slow,0.0547671326445472
sub001,closed,Brodmann area 41,stim500pre,accuracy,correct,-0.224821223890909
sub001,closed,Brodmann area 41,stim500pre,accuracy,incorrect,0.735933014653667
sub001,closed,Brodmann area 41,stim500pre,accuracy_e,correct_e,0.0286642128562462
sub001,closed,Brodmann area 41,stim500pre,accuracy_e,incorrect_e,0.735933014653667
sub001,closed,Brodmann area 41,stim500pre,rt,fast,-0.102047503378766
sub001,closed,Brodmann area 41,stim500pre,rt,slow,-0.36189986393559
sub001,closed,Brodmann area 42,stim500pre,accuracy,correct,-0.289711185027014
sub001,closed,Brodmann area 42,stim500pre,accuracy,incorrect,0.450237784575339
sub001,closed,Brodmann area 42,stim500pre,accuracy_e,correct_e,-0.057027468264938
sub001,closed,Brodmann area 42,stim500pre,accuracy_e,incorrect_e,0.450237784575339
sub001,closed,Brodmann area 42,stim500pre,rt,fast,-0.132964824120089
sub001,closed,Brodmann area 42,stim500pre,rt,slow,-0.430360656099765
sub001,closed,Brodmann area 22,stim500pre,accuracy,correct,-0.31147940944722
sub001,closed,Brodmann area 22,stim500pre,accuracy,incorrect,0.478453812982778
sub001,closed,Brodmann area 22,stim500pre,accuracy_e,correct_e,-0.105242476720488
sub001,closed,Brodmann area 22,stim500pre,accuracy_e,incorrect_e,0.478453812982778
sub001,closed,Brodmann area 22,stim500pre,rt,fast,-0.221471285090033
sub001,closed,Brodmann area 22,stim500pre,rt,slow,-0.394107073032243
sub002,open,Brodmann area 41,stim500pre,accuracy,correct,-0.41603326346148
sub002,open,Brodmann area 41,stim500pre,accuracy,incorrect,-0.0978643672145488
sub002,open,Brodmann area 41,stim500pre,accuracy_e,correct_e,-0.434837123616706
sub002,open,Brodmann area 41,stim500pre,accuracy_e,incorrect_e,-0.0978643672145488
sub002,open,Brodmann area 41,stim500pre,rt,fast,-0.506088111666381
sub002,open,Brodmann area 41,stim500pre,rt,slow,-0.301393225748915
sub002,open,Brodmann area 42,stim500pre,accuracy,correct,-0.51641141649042
sub002,open,Brodmann area 42,stim500pre,accuracy,incorrect,-0.376736633124592
sub002,open,Brodmann area 42,stim500pre,accuracy_e,correct_e,-0.594471731783513
sub002,open,Brodmann area 42,stim500pre,accuracy_e,incorrect_e,-0.376736633124592
sub002,open,Brodmann area 42,stim500pre,rt,fast,-0.601753010985042
sub002,open,Brodmann area 42,stim500pre,rt,slow,-0.387369532633271
sub002,open,Brodmann area 22,stim500pre,accuracy,correct,-0.429543065069897
sub002,open,Brodmann area 22,stim500pre,accuracy,incorrect,-0.0312546895817299
sub002,open,Brodmann area 22,stim500pre,accuracy_e,correct_e,-0.559892918013669
sub002,open,Brodmann area 22,stim500pre,accuracy_e,incorrect_e,-0.0312546895817299
sub002,open,Brodmann area 22,stim500pre,rt,fast,-0.519896751338367
sub002,open,Brodmann area 22,stim500pre,rt,slow,-0.309461470586534
sub002,closed,Brodmann area 41,stim500pre,accuracy,correct,-0.0784648882481419
sub002,closed,Brodmann area 41,stim500pre,accuracy,incorrect,0.0412486824805338
sub002,closed,Brodmann area 41,stim500pre,accuracy_e,correct_e,-0.109760545491434
sub002,closed,Brodmann area 41,stim500pre,accuracy_e,incorrect_e,0.0412486824805338
sub002,closed,Brodmann area 41,stim500pre,rt,fast,-0.00696755259049254
sub002,closed,Brodmann area 41,stim500pre,rt,slow,-0.120789613661059
sub002,closed,Brodmann area 42,stim500pre,accuracy,correct,-0.411652118601513
sub002,closed,Brodmann area 42,stim500pre,accuracy,incorrect,-0.274965287759849
sub002,closed,Brodmann area 42,stim500pre,accuracy_e,correct_e,-0.460022408593297
sub002,closed,Brodmann area 42,stim500pre,accuracy_e,incorrect_e,-0.274965287759849
sub002,closed,Brodmann area 42,stim500pre,rt,fast,-0.457142460521828
sub002,closed,Brodmann area 42,stim500pre,rt,slow,-0.352125776157181
sub002,closed,Brodmann area 22,stim500pre,accuracy,correct,-0.152478183760922
sub002,closed,Brodmann area 22,stim500pre,accuracy,incorrect,-0.180230436677925
sub002,closed,Brodmann area 22,stim500pre,accuracy_e,correct_e,-0.284627459684074
sub002,closed,Brodmann area 22,stim500pre,accuracy_e,incorrect_e,-0.180230436677925
sub002,closed,Brodmann area 22,stim500pre,rt,fast,-0.277787443956771
sub002,closed,Brodmann area 22,stim500pre,rt,slow,-0.00770046692334765
sub003,open,Brodmann area 41,stim500pre,accuracy,correct,0.0926388292589782
sub003,open,Brodmann area 41,stim500pre,accuracy,incorrect,0.250064127854904
sub003,open,Brodmann area 41,stim500pre,accuracy_e,correct_e,0.250478806965884
sub003,open,Brodmann area 41,stim500pre,accuracy_e,incorrect_e,0.250064127854904
sub003,open,Brodmann area 41,stim500pre,rt,fast,0.055946190858715
sub003,open,Brodmann area 41,stim500pre,rt,slow,0.145635934820082
sub003,open,Brodmann area 42,stim500pre,accuracy,correct,0.119722756338675
sub003,open,Brodmann area 42,stim500pre,accuracy,incorrect,0.237338219927156
sub003,open,Brodmann area 42,stim500pre,accuracy_e,correct_e,0.154418652743761
sub003,open,Brodmann area 42,stim500pre,accuracy_e,incorrect_e,0.237338219927156
sub003,open,Brodmann area 42,stim500pre,rt,fast,0.0500935258861969
sub003,open,Brodmann area 42,stim500pre,rt,slow,0.21931799842196
sub003,open,Brodmann area 22,stim500pre,accuracy,correct,0.0783797895078411
sub003,open,Brodmann area 22,stim500pre,accuracy,incorrect,0.570167378485576
sub003,open,Brodmann area 22,stim500pre,accuracy_e,correct_e,0.125990584755018
sub003,open,Brodmann area 22,stim500pre,accuracy_e,incorrect_e,0.570167378485576
sub003,open,Brodmann area 22,stim500pre,rt,fast,-0.0148938527448135
sub003,open,Brodmann area 22,stim500pre,rt,slow,0.213576785814277
sub003,closed,Brodmann area 41,stim500pre,accuracy,correct,-0.0354999025817777
sub003,closed,Brodmann area 41,stim500pre,accuracy,incorrect,-0.308858496718161
sub003,closed,Brodmann area 41,stim500pre,accuracy_e,correct_e,-0.0229099501465559
sub003,closed,Brodmann area 41,stim500pre,accuracy_e,incorrect_e,-0.308858496718161
sub003,closed,Brodmann area 41,stim500pre,rt,fast,0.0143525640107863
sub003,closed,Brodmann area 41,stim500pre,rt,slow,-0.0938709238477194
sub003,closed,Brodmann area 42,stim500pre,accuracy,correct,-0.065128108766091
sub003,closed,Brodmann area 42,stim500pre,accuracy,incorrect,-0.24721071496268
sub003,closed,Brodmann area 42,stim500pre,accuracy_e,correct_e,0.00292216869411461
sub003,closed,Brodmann area 42,stim500pre,accuracy_e,incorrect_e,-0.24721071496268
sub003,closed,Brodmann area 42,stim500pre,rt,fast,-0.0972379579908551
sub003,closed,Brodmann area 42,stim500pre,rt,slow,-0.0413800007157196
sub003,closed,Brodmann area 22,stim500pre,accuracy,correct,0.0387179217696553
sub003,closed,Brodmann area 22,stim500pre,accuracy,incorrect,-0.124861018298951
sub003,closed,Brodmann area 22,stim500pre,accuracy_e,correct_e,0.0288259153675665
sub003,closed,Brodmann area 22,stim500pre,accuracy_e,incorrect_e,-0.124861018298951
sub003,closed,Brodmann area 22,stim500pre,rt,fast,-0.015935339233508
sub003,closed,Brodmann area 22,stim500pre,rt,slow,0.113443470349018
sub004,open,Brodmann area 41,stim500pre,accuracy,correct,-0.227046484898632
sub004,open,Brodmann area 41,stim500pre,accuracy,incorrect,-0.465490393934283
sub004,open,Brodmann area 41,stim500pre,accuracy_e,correct_e,0.449183260824272
sub004,open,Brodmann area 41,stim500pre,accuracy_e,incorrect_e,-0.465490393934283
sub004,open,Brodmann area 41,stim500pre,rt,fast,-0.140404112103567
sub004,open,Brodmann area 41,stim500pre,rt,slow,-0.301114555529253
sub004,open,Brodmann area 42,stim500pre,accuracy,correct,-0.251363214975323
sub004,open,Brodmann area 42,stim500pre,accuracy,incorrect,-0.534700969947595
sub004,open,Brodmann area 42,stim500pre,accuracy_e,correct_e,0.17015440635091
sub004,open,Brodmann area 42,stim500pre,accuracy_e,incorrect_e,-0.534700969947595
sub004,open,Brodmann area 42,stim500pre,rt,fast,-0.197596008482924
sub004,open,Brodmann area 42,stim500pre,rt,slow,-0.309738238651344
sub004,open,Brodmann area 22,stim500pre,accuracy,correct,-0.145268556958689
sub004,open,Brodmann area 22,stim500pre,accuracy,incorrect,-0.358801094891612
sub004,open,Brodmann area 22,stim500pre,accuracy_e,correct_e,0.187056884579718
sub004,open,Brodmann area 22,stim500pre,accuracy_e,incorrect_e,-0.358801094891612
sub004,open,Brodmann area 22,stim500pre,rt,fast,-0.00313993483596313
sub004,open,Brodmann area 22,stim500pre,rt,slow,-0.28849176242568
sub004,closed,Brodmann area 41,stim500pre,accuracy,correct,-0.309878002380153
sub004,closed,Brodmann area 41,stim500pre,accuracy,incorrect,-0.141848217691932
sub004,closed,Brodmann area 41,stim500pre,accuracy_e,correct_e,-0.564347600024262
sub004,closed,Brodmann area 41,stim500pre,accuracy_e,incorrect_e,-0.141848217691932
sub004,closed,Brodmann area 41,stim500pre,rt,fast,-0.221261330641104
sub004,closed,Brodmann area 41,stim500pre,rt,slow,-0.385480311576188
sub004,closed,Brodmann area 42,stim500pre,accuracy,correct,-0.326441897081346
sub004,closed,Brodmann area 42,stim500pre,accuracy,incorrect,-0.178090543683298
sub004,closed,Brodmann area 42,stim500pre,accuracy_e,correct_e,-0.487613737173734
sub004,closed,Brodmann area 42,stim500pre,accuracy_e,incorrect_e,-0.178090543683298
sub004,closed,Brodmann area 42,stim500pre,rt,fast,-0.286749845311737
sub004,closed,Brodmann area 42,stim500pre,rt,slow,-0.369273380672599
sub004,closed,Brodmann area 22,stim500pre,accuracy,correct,-0.122940847059071
sub004,closed,Brodmann area 22,stim500pre,accuracy,incorrect,0.1686124210289
sub004,closed,Brodmann area 22,stim500pre,accuracy_e,correct_e,-0.250468358523232
sub004,closed,Brodmann area 22,stim500pre,accuracy_e,incorrect_e,0.1686124210289
sub004,closed,Brodmann area 22,stim500pre,rt,fast,0.010786107576638
sub004,closed,Brodmann area 22,stim500pre,rt,slow,-0.243959189800614
sub005,open,Brodmann area 41,stim500pre,accuracy,correct,-0.194453927229868
sub005,open,Brodmann area 41,stim500pre,accuracy,incorrect,-0.402772626663145
sub005,open,Brodmann area 41,stim500pre,accuracy_e,correct_e,-0.117593315097781
sub005,open,Brodmann area 41,stim500pre,accuracy_e,incorrect_e,-0.402772626663145
sub005,open,Brodmann area 41,stim500pre,rt,fast,-0.156781880396103
sub005,open,Brodmann area 41,stim500pre,rt,slow,-0.236125362834368
sub005,open,Brodmann area 42,stim500pre,accuracy,correct,-0.0727280541547912
sub005,open,Brodmann area 42,stim500pre,accuracy,incorrect,-0.235086373609761
sub005,open,Brodmann area 42,stim500pre,accuracy_e,correct_e,-0.129188426324953
sub005,open,Brodmann area 42,stim500pre,accuracy_e,incorrect_e,-0.235086373609761
sub005,open,Brodmann area 42,stim500pre,rt,fast,0.0330436042917443
sub005,open,Brodmann area 42,stim500pre,rt,slow,-0.177636283476867
sub005,open,Brodmann area 22,stim500pre,accuracy,correct,-0.0999207783271306
sub005,open,Brodmann area 22,stim500pre,accuracy,incorrect,-0.280216628579646
sub005,open,Brodmann area 22,stim500pre,accuracy_e,correct_e,-0.135044869219052
sub005,open,Brodmann area 22,stim500pre,accuracy_e,incorrect_e,-0.280216628579646
sub005,open,Brodmann area 22,stim500pre,rt,fast,0.0644329202926481
sub005,open,Brodmann area 22,stim500pre,rt,slow,-0.256640463945122
sub005,closed,Brodmann area 41,stim500pre,accuracy,correct,-0.202954261020972
sub005,closed,Brodmann area 41,stim500pre,accuracy,incorrect,-0.365975722287526
sub005,closed,Brodmann area 41,stim500pre,accuracy_e,correct_e,-0.208364582039248
sub005,closed,Brodmann area 41,stim500pre,accuracy_e,incorrect_e,-0.365975722287526
sub005,closed,Brodmann area 41,stim500pre,rt,fast,-0.207833553353633
sub005,closed,Brodmann area 41,stim500pre,rt,slow,-0.219722409371436
sub005,closed,Brodmann area 42,stim500pre,accuracy,correct,-0.191666619527556
sub005,closed,Brodmann area 42,stim500pre,accuracy,incorrect,-0.376933139563959
sub005,closed,Brodmann area 42,stim500pre,accuracy_e,correct_e,-0.20489002621095
sub005,closed,Brodmann area 42,stim500pre,accuracy_e,incorrect_e,-0.376933139563959
sub005,closed,Brodmann area 42,stim500pre,rt,fast,-0.227451406074686
sub005,closed,Brodmann area 42,stim500pre,rt,slow,-0.17488761458165
sub005,closed,Brodmann area 22,stim500pre,accuracy,correct,-0.132653935382677
sub005,closed,Brodmann area 22,stim500pre,accuracy,incorrect,-0.305218975865606
sub005,closed,Brodmann area 22,stim500pre,accuracy_e,correct_e,-0.114313970937817
sub005,closed,Brodmann area 22,stim500pre,accuracy_e,incorrect_e,-0.305218975865606
sub005,closed,Brodmann area 22,stim500pre,rt,fast,-0.0603098189908246
sub005,closed,Brodmann area 22,stim500pre,rt,slow,-0.212961278326835
sub006,open,Brodmann area 41,stim500pre,accuracy,correct,-0.0667045817626016
sub006,open,Brodmann area 41,stim500pre,accuracy,incorrect,0.0957955423643099
sub006,open,Brodmann area 41,stim500pre,accuracy_e,correct_e,-0.22716698644979
sub006,open,Brodmann area 41,stim500pre,accuracy_e,incorrect_e,0.0957955423643099
sub006,open,Brodmann area 41,stim500pre,rt,fast,-0.00884310013646739
sub006,open,Brodmann area 41,stim500pre,rt,slow,-0.117682201578926
sub006,open,Brodmann area 42,stim500pre,accuracy,correct,-0.12347964876901
sub006,open,Brodmann area 42,stim500pre,accuracy,incorrect,0.176550843354527
sub006,open,Brodmann area 42,stim500pre,accuracy_e,correct_e,-0.00289183210343396
sub006,open,Brodmann area 42,stim500pre,accuracy_e,incorrect_e,0.176550843354527
sub006,open,Brodmann area 42,stim500pre,rt,fast,0.13544551858263
sub006,open,Brodmann area 42,stim500pre,rt,slow,-0.314255369543224
sub006,open,Brodmann area 22,stim500pre,accuracy,correct,0.00461286663224251
sub006,open,Brodmann area 22,stim500pre,accuracy,incorrect,0.0460727296721657
sub006,open,Brodmann area 22,stim500pre,accuracy_e,correct_e,0.000274272706506919
sub006,open,Brodmann area 22,stim500pre,accuracy_e,incorrect_e,0.0460727296721657
sub006,open,Brodmann area 22,stim500pre,rt,fast,0.109061196521629
sub006,open,Brodmann area 22,stim500pre,rt,slow,-0.0742583971339431
sub006,closed,Brodmann area 41,stim500pre,accuracy,correct,0.0822280318826597
sub006,closed,Brodmann area 41,stim500pre,accuracy,incorrect,-0.0987602695535514
sub006,closed,Brodmann area 41,stim500pre,accuracy_e,correct_e,0.419718104505855
sub006,closed,Brodmann area 41,stim500pre,accuracy_e,incorrect_e,-0.0987602695535514
sub006,closed,Brodmann area 41,stim500pre,rt,fast,0.00378503966551399
sub006,closed,Brodmann area 41,stim500pre,rt,slow,0.166874228087352
sub006,closed,Brodmann area 42,stim500pre,accuracy,correct,0.186315711496244
sub006,closed,Brodmann area 42,stim500pre,accuracy,incorrect,-0.0250177114709238
sub006,closed,Brodmann area 42,stim500pre,accuracy_e,correct_e,0.397120744347898
sub006,closed,Brodmann area 42,stim500pre,accuracy_e,incorrect_e,-0.0250177114709238
sub006,closed,Brodmann area 42,stim500pre,rt,fast,0.099560932282656
sub006,closed,Brodmann area 42,stim500pre,rt,slow,0.296067693939524
sub006,closed,Brodmann area 22,stim500pre,accuracy,correct,0.0291382213163401
sub006,closed,Brodmann area 22,stim500pre,accuracy,incorrect,-0.102592618259878
sub006,closed,Brodmann area 22,stim500pre,accuracy_e,correct_e,0.0276909383448766
sub006,closed,Brodmann area 22,stim500pre,accuracy_e,incorrect_e,-0.102592618259878
sub006,closed,Brodmann area 22,stim500pre,rt,fast,-0.0301828955726725
sub006,closed,Brodmann area 22,stim500pre,rt,slow,0.0949153825048691
sub007,open,Brodmann area 41,stim500pre,accuracy,correct,-0.197645616375624
sub007,open,Brodmann area 41,stim500pre,accuracy,incorrect,-0.213372685516703
sub007,open,Brodmann area 41,stim500pre,accuracy_e,correct_e,-0.272346644271843
sub007,open,Brodmann area 41,stim500pre,accuracy_e,incorrect_e,-0.213372685516703
sub007,open,Brodmann area 41,stim500pre,rt,fast,-0.102686207280641
sub007,open,Brodmann area 41,stim500pre,rt,slow,-0.267093697328
sub007,open,Brodmann area 42,stim500pre,accuracy,correct,-0.0591953407018539
sub007,open,Brodmann area 42,stim500pre,accuracy,incorrect,0.0116627917331499
sub007,open,Brodmann area 42,stim500pre,accuracy_e,correct_e,-0.0923028353432049
sub007,open,Brodmann area 42,stim500pre,accuracy_e,incorrect_e,0.0116627917331499
sub007,open,Brodmann area 42,stim500pre,rt,fast,0.0612557278530396
sub007,open,Brodmann area 42,stim500pre,rt,slow,-0.127860156035196
sub007,open,Brodmann area 22,stim500pre,accuracy,correct,-0.107896706462119
sub007,open,Brodmann area 22,stim500pre,accuracy,incorrect,-0.0937612096551422
sub007,open,Brodmann area 22,stim500pre,accuracy_e,correct_e,-0.208815506023855
sub007,open,Brodmann area 22,stim500pre,accuracy_e,incorrect_e,-0.0937612096551422
sub007,open,Brodmann area 22,stim500pre,rt,fast,-0.00766808415994672
sub007,open,Brodmann area 22,stim500pre,rt,slow,-0.185095882152907
sub007,closed,Brodmann area 41,stim500pre,accuracy,correct,0.122083994933533
sub007,closed,Brodmann area 41,stim500pre,accuracy,incorrect,0.00767465712921317
sub007,closed,Brodmann area 41,stim500pre,accuracy_e,correct_e,0.354904098284161
sub007,closed,Brodmann area 41,stim500pre,accuracy_e,incorrect_e,0.00767465712921317
sub007,closed,Brodmann area 41,stim500pre,rt,fast,0.17853090523535
sub007,closed,Brodmann area 41,stim500pre,rt,slow,0.0430372577833874
sub007,closed,Brodmann area 42,stim500pre,accuracy,correct,0.08729650764414
sub007,closed,Brodmann area 42,stim500pre,accuracy,incorrect,0.0659656394794234
sub007,closed,Brodmann area 42,stim500pre,accuracy_e,correct_e,0.0363565538167091
sub007,closed,Brodmann area 42,stim500pre,accuracy_e,incorrect_e,0.0659656394794234
sub007,closed,Brodmann area 42,stim500pre,rt,fast,0.360044568193056
sub007,closed,Brodmann area 42,stim500pre,rt,slow,-0.167084250627751
sub007,closed,Brodmann area 22,stim500pre,accuracy,correct,0.0743037100809993
sub007,closed,Brodmann area 22,stim500pre,accuracy,incorrect,0.18037857740684
sub007,closed,Brodmann area 22,stim500pre,accuracy_e,correct_e,-0.0517035709413458
sub007,closed,Brodmann area 22,stim500pre,accuracy_e,incorrect_e,0.18037857740684
sub007,closed,Brodmann area 22,stim500pre,rt,fast,0.171711850112672
sub007,closed,Brodmann area 22,stim500pre,rt,slow,0.0463175192162648
sub008,open,Brodmann area 41,stim500pre,accuracy,correct,0.215242350177974
sub008,open,Brodmann area 41,stim500pre,accuracy,incorrect,0.1749322432616
sub008,open,Brodmann area 41,stim500pre,accuracy_e,correct_e,0.50535128805638
sub008,open,Brodmann area 41,stim500pre,accuracy_e,incorrect_e,0.1749322432616
sub008,open,Brodmann area 41,stim500pre,rt,fast,0.191090923339761
sub008,open,Brodmann area 41,stim500pre,rt,slow,0.24010915586859
sub008,open,Brodmann area 42,stim500pre,accuracy,correct,0.182058403487185
sub008,open,Brodmann area 42,stim500pre,accuracy,incorrect,0.0168511702853192
sub008,open,Brodmann area 42,stim500pre,accuracy_e,correct_e,0.360750221262612
sub008,open,Brodmann area 42,stim500pre,accuracy_e,incorrect_e,0.0168511702853192
sub008,open,Brodmann area 42,stim500pre,rt,fast,0.074815057996933
sub008,open,Brodmann area 42,stim500pre,rt,slow,0.293720035099982
sub008,open,Brodmann area 22,stim500pre,accuracy,correct,0.0575490486915676
sub008,open,Brodmann area 22,stim500pre,accuracy,incorrect,0.0581177531976704
sub008,open,Brodmann area 22,stim500pre,accuracy_e,correct_e,0.506233500048239
sub008,open,Brodmann area 22,stim500pre,accuracy_e,incorrect_e,0.0581177531976704
sub008,open,Brodmann area 22,stim500pre,rt,fast,-0.0662515336617664
sub008,open,Brodmann area 22,stim500pre,rt,slow,0.185103340343606
sub008,closed,Brodmann area 41,stim500pre,accuracy,correct,0.14375086880808
sub008,closed,Brodmann area 41,stim500pre,accuracy,incorrect,0.186988847091495
sub008,closed,Brodmann area 41,stim500pre,accuracy_e,correct_e,0.439369244224077
sub008,closed,Brodmann area 41,stim500pre,accuracy_e,incorrect_e,0.186988847091495
sub008,closed,Brodmann area 41,stim500pre,rt,fast,0.0458667987828522
sub008,closed,Brodmann area 41,stim500pre,rt,slow,0.256169927770273
sub008,closed,Brodmann area 42,stim500pre,accuracy,correct,0.319266117155883
sub008,closed,Brodmann area 42,stim500pre,accuracy,incorrect,-0.0307158956885202
sub008,closed,Brodmann area 42,stim500pre,accuracy_e,correct_e,0.391626820395166
sub008,closed,Brodmann area 42,stim500pre,accuracy_e,incorrect_e,-0.0307158956885202
sub008,closed,Brodmann area 42,stim500pre,rt,fast,0.291023855114636
sub008,closed,Brodmann area 42,stim500pre,rt,slow,0.353215260941093
sub008,closed,Brodmann area 22,stim500pre,accuracy,correct,0.00885684112310773
sub008,closed,Brodmann area 22,stim500pre,accuracy,incorrect,-0.446605029741201
sub008,closed,Brodmann area 22,stim500pre,accuracy_e,correct_e,-0.0575941512197868
sub008,closed,Brodmann area 22,stim500pre,accuracy_e,incorrect_e,-0.446605029741201
sub008,closed,Brodmann area 22,stim500pre,rt,fast,-0.0909491726060609
sub008,closed,Brodmann area 22,stim500pre,rt,slow,0.116214163647329
sub009,open,Brodmann area 41,stim500pre,accuracy,correct,-0.0399717257484651
sub009,open,Brodmann area 41,stim500pre,accuracy,incorrect,-0.282617377227641
sub009,open,Brodmann area 41,stim500pre,accuracy_e,correct_e,0.246240754263522
sub009,open,Brodmann area 41,stim500pre,accuracy_e,incorrect_e,-0.282617377227641
sub009,open,Brodmann area 41,stim500pre,rt,fast,-0.0676979753031103
sub009,open,Brodmann area 41,stim500pre,rt,slow,-0.00261910599333644
sub009,open,Brodmann area 42,stim500pre,accuracy,correct,-0.212587095809277
sub009,open,Brodmann area 42,stim500pre,accuracy,incorrect,-0.23686511924563
sub009,open,Brodmann area 42,stim500pre,accuracy_e,correct_e,-0.121291219346757
sub009,open,Brodmann area 42,stim500pre,accuracy_e,incorrect_e,-0.23686511924563
sub009,open,Brodmann area 42,stim500pre,rt,fast,-0.0495105781344025
sub009,open,Brodmann area 42,stim500pre,rt,slow,-0.281495533234648
sub009,open,Brodmann area 22,stim500pre,accuracy,correct,-0.18158355109023
sub009,open,Brodmann area 22,stim500pre,accuracy,incorrect,-0.141889873642724
sub009,open,Brodmann area 22,stim500pre,accuracy_e,correct_e,-0.165658779390183
sub009,open,Brodmann area 22,stim500pre,accuracy_e,incorrect_e,-0.141889873642724
sub009,open,Brodmann area 22,stim500pre,rt,fast,0.12328731635733
sub009,open,Brodmann area 22,stim500pre,rt,slow,-0.335230400677968
sub009,closed,Brodmann area 41,stim500pre,accuracy,correct,-0.455001446685894
sub009,closed,Brodmann area 41,stim500pre,accuracy,incorrect,-0.294652417864791
sub009,closed,Brodmann area 41,stim500pre,accuracy_e,correct_e,-0.473859758350493
sub009,closed,Brodmann area 41,stim500pre,accuracy_e,incorrect_e,-0.294652417864791
sub009,closed,Brodmann area 41,stim500pre,rt,fast,-0.410178312737055
sub009,closed,Brodmann area 41,stim500pre,rt,slow,-0.499898830620938
sub009,closed,Brodmann area 42,stim500pre,accuracy,correct,-0.438376146904662
sub009,closed,Brodmann area 42,stim500pre,accuracy,incorrect,-0.230018223659507
sub009,closed,Brodmann area 42,stim500pre,accuracy_e,correct_e,-0.440257283118016
sub009,closed,Brodmann area 42,stim500pre,accuracy_e,incorrect_e,-0.230018223659507
sub009,closed,Brodmann area 42,stim500pre,rt,fast,-0.428449371754333
sub009,closed,Brodmann area 42,stim500pre,rt,slow,-0.455076912745828
sub009,closed,Brodmann area 22,stim500pre,accuracy,correct,-0.319990142456612
sub009,closed,Brodmann area 22,stim500pre,accuracy,incorrect,-0.255347018147741
sub009,closed,Brodmann area 22,stim500pre,accuracy_e,correct_e,-0.333147586094628
sub009,closed,Brodmann area 22,stim500pre,accuracy_e,incorrect_e,-0.255347018147741
sub009,closed,Brodmann area 22,stim500pre,rt,fast,-0.476883743680402
sub009,closed,Brodmann area 22,stim500pre,rt,slow,-0.0647769278471743
sub010,open,Brodmann area 41,stim500pre,accuracy,correct,0.208273586503881
sub010,open,Brodmann area 41,stim500pre,accuracy,incorrect,-0.273111157855358
sub010,open,Brodmann area 41,stim500pre,accuracy_e,correct_e,0.30875353474515
sub010,open,Brodmann area 41,stim500pre,accuracy_e,incorrect_e,-0.273111157855358
sub010,open,Brodmann area 41,stim500pre,rt,fast,0.22411399391857
sub010,open,Brodmann area 41,stim500pre,rt,slow,0.191358395667449
sub010,open,Brodmann area 42,stim500pre,accuracy,correct,0.288929401902011
sub010,open,Brodmann area 42,stim500pre,accuracy,incorrect,0.510464114789458
sub010,open,Brodmann area 42,stim500pre,accuracy_e,correct_e,0.444159515272214
sub010,open,Brodmann area 42,stim500pre,accuracy_e,incorrect_e,0.510464114789458
sub010,open,Brodmann area 42,stim500pre,rt,fast,0.31840023469231
sub010,open,Brodmann area 42,stim500pre,rt,slow,0.254583797083745
sub010,open,Brodmann area 22,stim500pre,accuracy,correct,0.385856235223483
sub010,open,Brodmann area 22,stim500pre,accuracy,incorrect,0.103050452110355
sub010,open,Brodmann area 22,stim500pre,accuracy_e,correct_e,0.436898740879113
sub010,open,Brodmann area 22,stim500pre,accuracy_e,incorrect_e,0.103050452110355
sub010,open,Brodmann area 22,stim500pre,rt,fast,0.373324219928434
sub010,open,Brodmann area 22,stim500pre,rt,slow,0.401218018695355
sub010,closed,Brodmann area 41,stim500pre,accuracy,correct,-0.359478572288212
sub010,closed,Brodmann area 41,stim500pre,accuracy,incorrect,-0.192967371871501
sub010,closed,Brodmann area 41,stim500pre,accuracy_e,correct_e,-0.426100995175062
sub010,closed,Brodmann area 41,stim500pre,accuracy_e,incorrect_e,-0.192967371871501
sub010,closed,Brodmann area 41,stim500pre,rt,fast,-0.3304148483224
sub010,closed,Brodmann area 41,stim500pre,rt,slow,-0.392275835315685
sub010,closed,Brodmann area 42,stim500pre,accuracy,correct,0.384436999177225
sub010,closed,Brodmann area 42,stim500pre,accuracy,incorrect,0.337378279326374
sub010,closed,Brodmann area 42,stim500pre,accuracy_e,correct_e,0.201121900018088
sub010,closed,Brodmann area 42,stim500pre,accuracy_e,incorrect_e,0.337378279326374
sub010,closed,Brodmann area 42,stim500pre,rt,fast,0.5244837968869
sub010,closed,Brodmann area 42,stim500pre,rt,slow,0.250829770998862
sub010,closed,Brodmann area 22,stim500pre,accuracy,correct,-0.144571836517432
sub010,closed,Brodmann area 22,stim500pre,accuracy,incorrect,-0.447929593941965
sub010,closed,Brodmann area 22,stim500pre,accuracy_e,correct_e,-0.0981667862618452
sub010,closed,Brodmann area 22,stim500pre,accuracy_e,incorrect_e,-0.447929593941965
sub010,closed,Brodmann area 22,stim500pre,rt,fast,-0.00141127623952141
sub010,closed,Brodmann area 22,stim500pre,rt,slow,-0.293378862874387
sub011,open,Brodmann area 41,stim500pre,accuracy,correct,-0.0898442705511651
sub011,open,Brodmann area 41,stim500pre,accuracy,incorrect,0.161879127244122
sub011,open,Brodmann area 41,stim500pre,accuracy_e,correct_e,0.0953966495389865
sub011,open,Brodmann area 41,stim500pre,accuracy_e,incorrect_e,0.161879127244122
sub011,open,Brodmann area 41,stim500pre,rt,fast,-0.0745312610769091
sub011,open,Brodmann area 41,stim500pre,rt,slow,-0.106570575613503
sub011,open,Brodmann area 42,stim500pre,accuracy,correct,0.0179963466828521
sub011,open,Brodmann area 42,stim500pre,accuracy,incorrect,0.0454043994622498
sub011,open,Brodmann area 42,stim500pre,accuracy_e,correct_e,0.0546538905500281
sub011,open,Brodmann area 42,stim500pre,accuracy_e,incorrect_e,0.0454043994622498
sub011,open,Brodmann area 42,stim500pre,rt,fast,0.196362042473292
sub011,open,Brodmann area 42,stim500pre,rt,slow,-0.13464925767577
sub011,open,Brodmann area 22,stim500pre,accuracy,correct,0.0127831288508024
sub011,open,Brodmann area 22,stim500pre,accuracy,incorrect,0.440152511159394
sub011,open,Brodmann area 22,stim500pre,accuracy_e,correct_e,0.559170316700075
sub011,open,Brodmann area 22,stim500pre,accuracy_e,incorrect_e,0.440152511159394
sub011,open,Brodmann area 22,stim500pre,rt,fast,0.0901518562708679
sub011,open,Brodmann area 22,stim500pre,rt,slow,-0.0517584621243362
sub011,closed,Brodmann area 41,stim500pre,accuracy,correct,-0.177167876771593
sub011,closed,Brodmann area 41,stim500pre,accuracy,incorrect,-0.30507009782517
sub011,closed,Brodmann area 41,stim500pre,accuracy_e,correct_e,0.0868203374685827
sub011,closed,Brodmann area 41,stim500pre,accuracy_e,incorrect_e,-0.30507009782517
sub011,closed,Brodmann area 41,stim500pre,rt,fast,-0.28037636185084
sub011,closed,Brodmann area 41,stim500pre,rt,slow,-0.0878731343102893
sub011,closed,Brodmann area 42,stim500pre,accuracy,correct,0.0111522235980257
sub011,closed,Brodmann area 42,stim500pre,accuracy,incorrect,0.158236534888561
sub011,closed,Brodmann area 42,stim500pre,accuracy_e,correct_e,0.369982505159709
sub011,closed,Brodmann area 42,stim500pre,accuracy_e,incorrect_e,0.158236534888561
sub011,closed,Brodmann area 42,stim500pre,rt,fast,-0.0193097880938258
sub011,closed,Brodmann area 42,stim500pre,rt,slow,0.0817390449696917
sub011,closed,Brodmann area 22,stim500pre,accuracy,correct,-0.0195385952883557
sub011,closed,Brodmann area 22,stim500pre,accuracy,incorrect,-0.0633498199239034
sub011,closed,Brodmann area 22,stim500pre,accuracy_e,correct_e,0.275205385102695
sub011,closed,Brodmann area 22,stim500pre,accuracy_e,incorrect_e,-0.0633498199239034
sub011,closed,Brodmann area 22,stim500pre,rt,fast,0.139787513350833
sub011,closed,Brodmann area 22,stim500pre,rt,slow,-0.15263072508749
sub012,open,Brodmann area 41,stim500pre,accuracy,correct,0.074307421612187
sub012,open,Brodmann area 41,stim500pre,accuracy,incorrect,-0.0301619413578868
sub012,open,Brodmann area 41,stim500pre,accuracy_e,correct_e,-0.0535633707101079
sub012,open,Brodmann area 41,stim500pre,accuracy_e,incorrect_e,-0.0301619413578868
sub012,open,Brodmann area 41,stim500pre,rt,fast,0.188107741107897
sub012,open,Brodmann area 41,stim500pre,rt,slow,-0.0285652342138176
sub012,open,Brodmann area 42,stim500pre,accuracy,correct,0.0338528070151384
sub012,open,Brodmann area 42,stim500pre,accuracy,incorrect,0.154383875625908
sub012,open,Brodmann area 42,stim500pre,accuracy_e,correct_e,-0.212064592960321
sub012,open,Brodmann area 42,stim500pre,accuracy_e,incorrect_e,0.154383875625908
sub012,open,Brodmann area 42,stim500pre,rt,fast,0.0355857633099505
sub012,open,Brodmann area 42,stim500pre,rt,slow,0.0321241026667599
sub012,open,Brodmann area 22,stim500pre,accuracy,correct,0.0549086344783818
sub012,open,Brodmann area 22,stim500pre,accuracy,incorrect,0.43148885590785
sub012,open,Brodmann area 22,stim500pre,accuracy_e,correct_e,-0.332568481864042
sub012,open,Brodmann area 22,stim500pre,accuracy_e,incorrect_e,0.43148885590785
sub012,open,Brodmann area 22,stim500pre,rt,fast,0.17321949862242
sub012,open,Brodmann area 22,stim500pre,rt,slow,-0.0518032019857884
sub012,closed,Brodmann area 41,stim500pre,accuracy,correct,-0.0870297400432803
sub012,closed,Brodmann area 41,stim500pre,accuracy,incorrect,-0.234741264808734
sub012,closed,Brodmann area 41,stim500pre,accuracy_e,correct_e,0.114817431898376
sub012,closed,Brodmann area 41,stim500pre,accuracy_e,incorrect_e,-0.234741264808734
sub012,closed,Brodmann area 41,stim500pre,rt,fast,-0.0302046162194298
sub012,closed,Brodmann area 41,stim500pre,rt,slow,-0.154665005956089
sub012,closed,Brodmann area 42,stim500pre,accuracy,correct,-0.0645156315025882
sub012,closed,Brodmann area 42,stim500pre,accuracy,incorrect,-0.0376062058850318
sub012,closed,Brodmann area 42,stim500pre,accuracy_e,correct_e,-0.0052635796465233
sub012,closed,Brodmann area 42,stim500pre,accuracy_e,incorrect_e,-0.0376062058850318
sub012,closed,Brodmann area 42,stim500pre,rt,fast,0.112061977340161
sub012,closed,Brodmann area 42,stim500pre,rt,slow,-0.223248246005946
sub012,closed,Brodmann area 22,stim500pre,accuracy,correct,0.0201962489041287
sub012,closed,Brodmann area 22,stim500pre,accuracy,incorrect,-0.238102814582624
sub012,closed,Brodmann area 22,stim500pre,accuracy_e,correct_e,0.63669364196582
sub012,closed,Brodmann area 22,stim500pre,accuracy_e,incorrect_e,-0.238102814582624
sub012,closed,Brodmann area 22,stim500pre,rt,fast,0.195259371973497
sub012,closed,Brodmann area 22,stim500pre,rt,slow,-0.140537596320043
sub017,open,Brodmann area 41,stim500pre,accuracy,correct,0.0747950975795854
sub017,open,Brodmann area 41,stim500pre,accuracy,incorrect,0.160661089300809
sub017,open,Brodmann area 41,stim500pre,accuracy_e,correct_e,0.1131489790433
sub017,open,Brodmann area 41,stim500pre,accuracy_e,incorrect_e,0.160661089300809
sub017,open,Brodmann area 41,stim500pre,rt,fast,0.0443799973460939
sub017,open,Brodmann area 41,stim500pre,rt,slow,0.114804524903806
sub017,open,Brodmann area 42,stim500pre,accuracy,correct,0.0438192330414621
sub017,open,Brodmann area 42,stim500pre,accuracy,incorrect,0.0755940199698437
sub017,open,Brodmann area 42,stim500pre,accuracy_e,correct_e,-0.162316342890228
sub017,open,Brodmann area 42,stim500pre,accuracy_e,incorrect_e,0.0755940199698437
sub017,open,Brodmann area 42,stim500pre,rt,fast,0.000755289316500971
sub017,open,Brodmann area 42,stim500pre,rt,slow,0.100558455707632
sub017,open,Brodmann area 22,stim500pre,accuracy,correct,0.5628279642831
sub017,open,Brodmann area 22,stim500pre,accuracy,incorrect,0.0684176707223291
sub017,open,Brodmann area 22,stim500pre,accuracy_e,correct_e,0.260804845690064
sub017,open,Brodmann area 22,stim500pre,accuracy_e,incorrect_e,0.0684176707223291
sub017,open,Brodmann area 22,stim500pre,rt,fast,0.631500851443829
sub017,open,Brodmann area 22,stim500pre,rt,slow,0.469730548420218
sub017,closed,Brodmann area 41,stim500pre,accuracy,correct,-0.24652523594809
sub017,closed,Brodmann area 41,stim500pre,accuracy,incorrect,-0.392777620591671
sub017,closed,Brodmann area 41,stim500pre,accuracy_e,correct_e,-0.487681586309359
sub017,closed,Brodmann area 41,stim500pre,accuracy_e,incorrect_e,-0.392777620591671
sub017,closed,Brodmann area 41,stim500pre,rt,fast,-0.178416351525388
sub017,closed,Brodmann area 41,stim500pre,rt,slow,-0.318143767997
sub017,closed,Brodmann area 42,stim500pre,accuracy,correct,-0.083390266380885
sub017,closed,Brodmann area 42,stim500pre,accuracy,incorrect,0.408303968392006
sub017,closed,Brodmann area 42,stim500pre,accuracy_e,correct_e,-0.0405727949372553
sub017,closed,Brodmann area 42,stim500pre,accuracy_e,incorrect_e,0.408303968392006
sub017,closed,Brodmann area 42,stim500pre,rt,fast,-0.149307895059504
sub017,closed,Brodmann area 42,stim500pre,rt,slow,-0.000669341777513634
sub017,closed,Brodmann area 22,stim500pre,accuracy,correct,-0.20082864665251
sub017,closed,Brodmann area 22,stim500pre,accuracy,incorrect,-0.254947016287151
sub017,closed,Brodmann area 22,stim500pre,accuracy_e,correct_e,-0.236228356537692
sub017,closed,Brodmann area 22,stim500pre,accuracy_e,incorrect_e,-0.254947016287151
sub017,closed,Brodmann area 22,stim500pre,rt,fast,-0.128327535540215
sub017,closed,Brodmann area 22,stim500pre,rt,slow,-0.251427050156072
sub018,open,Brodmann area 41,stim500pre,accuracy,correct,-0.249054265657304
sub018,open,Brodmann area 41,stim500pre,accuracy,incorrect,-0.234829732892757
sub018,open,Brodmann area 41,stim500pre,accuracy_e,correct_e,-0.125634931797223
sub018,open,Brodmann area 41,stim500pre,accuracy_e,incorrect_e,-0.234829732892757
sub018,open,Brodmann area 41,stim500pre,rt,fast,-0.160798829896779
sub018,open,Brodmann area 41,stim500pre,rt,slow,-0.341175700004636
sub018,open,Brodmann area 42,stim500pre,accuracy,correct,-0.0538015734724722
sub018,open,Brodmann area 42,stim500pre,accuracy,incorrect,-0.273532512205653
sub018,open,Brodmann area 42,stim500pre,accuracy_e,correct_e,-0.0868500854659045
sub018,open,Brodmann area 42,stim500pre,accuracy_e,incorrect_e,-0.273532512205653
sub018,open,Brodmann area 42,stim500pre,rt,fast,0.0218164362133651
sub018,open,Brodmann area 42,stim500pre,rt,slow,-0.131504115139979
sub018,open,Brodmann area 22,stim500pre,accuracy,correct,0.112732021234267
sub018,open,Brodmann area 22,stim500pre,accuracy,incorrect,-0.262236446950756
sub018,open,Brodmann area 22,stim500pre,accuracy_e,correct_e,-0.103103391667503
sub018,open,Brodmann area 22,stim500pre,accuracy_e,incorrect_e,-0.262236446950756
sub018,open,Brodmann area 22,stim500pre,rt,fast,0.0722388909209343
sub018,open,Brodmann area 22,stim500pre,rt,slow,0.148862288233556
sub018,closed,Brodmann area 41,stim500pre,accuracy,correct,-0.226301666892638
sub018,closed,Brodmann area 41,stim500pre,accuracy,incorrect,-0.216565166603623
sub018,closed,Brodmann area 41,stim500pre,accuracy_e,correct_e,-0.254085785788539
sub018,closed,Brodmann area 41,stim500pre,accuracy_e,incorrect_e,-0.216565166603623
sub018,closed,Brodmann area 41,stim500pre,rt,fast,-0.268036077800621
sub018,closed,Brodmann area 41,stim500pre,rt,slow,-0.196220524696605
sub018,closed,Brodmann area 42,stim500pre,accuracy,correct,-0.156742227069857
sub018,closed,Brodmann area 42,stim500pre,accuracy,incorrect,-0.252119995775905
sub018,closed,Brodmann area 42,stim500pre,accuracy_e,correct_e,-0.157913735990488
sub018,closed,Brodmann area 42,stim500pre,accuracy_e,incorrect_e,-0.252119995775905
sub018,closed,Brodmann area 42,stim500pre,rt,fast,-0.254236464203475
sub018,closed,Brodmann area 42,stim500pre,rt,slow,-0.0691418725407006
sub018,closed,Brodmann area 22,stim500pre,accuracy,correct,0.180088103846653
sub018,closed,Brodmann area 22,stim500pre,accuracy,incorrect,-0.10525134194391
sub018,closed,Brodmann area 22,stim500pre,accuracy_e,correct_e,0.208952054151109
sub018,closed,Brodmann area 22,stim500pre,accuracy_e,incorrect_e,-0.10525134194391
sub018,closed,Brodmann area 22,stim500pre,rt,fast,-0.0319118473484
sub018,closed,Brodmann area 22,stim500pre,rt,slow,0.45420834904986
sub020,open,Brodmann area 41,stim500pre,accuracy,correct,-0.0478130107404692
sub020,open,Brodmann area 41,stim500pre,accuracy,incorrect,-0.108528238315072
sub020,open,Brodmann area 41,stim500pre,accuracy_e,correct_e,-0.0734291389961493
sub020,open,Brodmann area 41,stim500pre,accuracy_e,incorrect_e,-0.108528238315072
sub020,open,Brodmann area 41,stim500pre,rt,fast,-0.240462582430343
sub020,open,Brodmann area 41,stim500pre,rt,slow,0.168631991840227
sub020,open,Brodmann area 42,stim500pre,accuracy,correct,0.0689039860944483
sub020,open,Brodmann area 42,stim500pre,accuracy,incorrect,-0.051487446746191
sub020,open,Brodmann area 42,stim500pre,accuracy_e,correct_e,0.0713826401184056
sub020,open,Brodmann area 42,stim500pre,accuracy_e,incorrect_e,-0.051487446746191
sub020,open,Brodmann area 42,stim500pre,rt,fast,-0.136764778586731
sub020,open,Brodmann area 42,stim500pre,rt,slow,0.30803627709784
sub020,open,Brodmann area 22,stim500pre,accuracy,correct,0.133889648922582
sub020,open,Brodmann area 22,stim500pre,accuracy,incorrect,0.0395536579379888
sub020,open,Brodmann area 22,stim500pre,accuracy_e,correct_e,0.0201502214970559
sub020,open,Brodmann area 22,stim500pre,accuracy_e,incorrect_e,0.0395536579379888
sub020,open,Brodmann area 22,stim500pre,rt,fast,-0.0331070677713581
sub020,open,Brodmann area 22,stim500pre,rt,slow,0.315753955018541
sub020,closed,Brodmann area 41,stim500pre,accuracy,correct,-0.199025858597283
sub020,closed,Brodmann area 41,stim500pre,accuracy,incorrect,-0.0486389382503356
sub020,closed,Brodmann area 41,stim500pre,accuracy_e,correct_e,-0.244330053317665
sub020,closed,Brodmann area 41,stim500pre,accuracy_e,incorrect_e,-0.0486389382503356
sub020,closed,Brodmann area 41,stim500pre,rt,fast,-0.174742391062063
sub020,closed,Brodmann area 41,stim500pre,rt,slow,-0.216438812470836
sub020,closed,Brodmann area 42,stim500pre,accuracy,correct,-0.0393839676706103
sub020,closed,Brodmann area 42,stim500pre,accuracy,incorrect,-0.0408815107155541
sub020,closed,Brodmann area 42,stim500pre,accuracy_e,correct_e,-0.0780717607014719
sub020,closed,Brodmann area 42,stim500pre,accuracy_e,incorrect_e,-0.0408815107155541
sub020,closed,Brodmann area 42,stim500pre,rt,fast,0.0084716272238072
sub020,closed,Brodmann area 42,stim500pre,rt,slow,-0.0870479515592374
sub020,closed,Brodmann area 22,stim500pre,accuracy,correct,-0.0184348208914722
sub020,closed,Brodmann area 22,stim500pre,accuracy,incorrect,0.0130815942130989
sub020,closed,Brodmann area 22,stim500pre,accuracy_e,correct_e,-0.00531730144104174
sub020,closed,Brodmann area 22,stim500pre,accuracy_e,incorrect_e,0.0130815942130989
sub020,closed,Brodmann area 22,stim500pre,rt,fast,0.172509799925196
sub020,closed,Brodmann area 22,stim500pre,rt,slow,-0.199744714782135
sub021,open,Brodmann area 41,stim500pre,accuracy,correct,0.444254371246776
sub021,open,Brodmann area 41,stim500pre,accuracy,incorrect,0.0643149617908253
sub021,open,Brodmann area 41,stim500pre,accuracy_e,correct_e,0.347003216539951
sub021,open,Brodmann area 41,stim500pre,accuracy_e,incorrect_e,0.0643149617908253
sub021,open,Brodmann area 41,stim500pre,rt,fast,0.534970188733525
sub021,open,Brodmann area 41,stim500pre,rt,slow,0.362272667064225
sub021,open,Brodmann area 42,stim500pre,accuracy,correct,0.22037009121063
sub021,open,Brodmann area 42,stim500pre,accuracy,incorrect,0.20874928587697
sub021,open,Brodmann area 42,stim500pre,accuracy_e,correct_e,0.11504585299073
sub021,open,Brodmann area 42,stim500pre,accuracy_e,incorrect_e,0.20874928587697
sub021,open,Brodmann area 42,stim500pre,rt,fast,0.304336082922533
sub021,open,Brodmann area 42,stim500pre,rt,slow,0.230142346462462
sub021,open,Brodmann area 22,stim500pre,accuracy,correct,0.581869424381299
sub021,open,Brodmann area 22,stim500pre,accuracy,incorrect,0.214378274324701
sub021,open,Brodmann area 22,stim500pre,accuracy_e,correct_e,0.618755616867634
sub021,open,Brodmann area 22,stim500pre,accuracy_e,incorrect_e,0.214378274324701
sub021,open,Brodmann area 22,stim500pre,rt,fast,0.605435087047145
sub021,open,Brodmann area 22,stim500pre,rt,slow,0.612540981227515
sub021,closed,Brodmann area 41,stim500pre,accuracy,correct,-0.251290099706241
sub021,closed,Brodmann area 41,stim500pre,accuracy,incorrect,-0.0833690061052338
sub021,closed,Brodmann area 41,stim500pre,accuracy_e,correct_e,-0.216755801351093
sub021,closed,Brodmann area 41,stim500pre,accuracy_e,incorrect_e,-0.0833690061052338
sub021,closed,Brodmann area 41,stim500pre,rt,fast,-0.322135662013089
sub021,closed,Brodmann area 41,stim500pre,rt,slow,-0.168285785277893
sub021,closed,Brodmann area 42,stim500pre,accuracy,correct,-0.130249066230459
sub021,closed,Brodmann area 42,stim500pre,accuracy,incorrect,-0.270251931617018
sub021,closed,Brodmann area 42,stim500pre,accuracy_e,correct_e,-0.305796906132409
sub021,closed,Brodmann area 42,stim500pre,accuracy_e,incorrect_e,-0.270251931617018
sub021,closed,Brodmann area 42,stim500pre,rt,fast,0.0872976641808938
sub021,closed,Brodmann area 42,stim500pre,rt,slow,-0.274762157284675
sub021,closed,Brodmann area 22,stim500pre,accuracy,correct,0.140347792747463
sub021,closed,Brodmann area 22,stim500pre,accuracy,incorrect,-0.145030596454483
sub021,closed,Brodmann area 22,stim500pre,accuracy_e,correct_e,0.0370483181471882
sub021,closed,Brodmann area 22,stim500pre,accuracy_e,incorrect_e,-0.145030596454483
sub021,closed,Brodmann area 22,stim500pre,rt,fast,0.344951357671097
sub021,closed,Brodmann area 22,stim500pre,rt,slow,-0.0229058429401544
sub022,open,Brodmann area 41,stim500pre,accuracy,correct,-0.128942491164176
sub022,open,Brodmann area 41,stim500pre,accuracy,incorrect,-0.187886178208948
sub022,open,Brodmann area 41,stim500pre,accuracy_e,correct_e,-0.0862022147179002
sub022,open,Brodmann area 41,stim500pre,accuracy_e,incorrect_e,-0.187886178208948
sub022,open,Brodmann area 41,stim500pre,rt,fast,0.143263346546235
sub022,open,Brodmann area 41,stim500pre,rt,slow,-0.31602953523849
sub022,open,Brodmann area 42,stim500pre,accuracy,correct,-0.159341255649133
sub022,open,Brodmann area 42,stim500pre,accuracy,incorrect,-0.116093622371794
sub022,open,Brodmann area 42,stim500pre,accuracy_e,correct_e,0.116067059807671
sub022,open,Brodmann area 42,stim500pre,accuracy_e,incorrect_e,-0.116093622371794
sub022,open,Brodmann area 42,stim500pre,rt,fast,0.0950837048584283
sub022,open,Brodmann area 42,stim500pre,rt,slow,-0.336948318217874
sub022,open,Brodmann area 22,stim500pre,accuracy,correct,0.11957302526492
sub022,open,Brodmann area 22,stim500pre,accuracy,incorrect,-0.199633035413091
sub022,open,Brodmann area 22,stim500pre,accuracy_e,correct_e,0.381159843098269
sub022,open,Brodmann area 22,stim500pre,accuracy_e,incorrect_e,-0.199633035413091
sub022,open,Brodmann area 22,stim500pre,rt,fast,0.412015276196853
sub022,open,Brodmann area 22,stim500pre,rt,slow,-0.117665905997547
sub022,closed,Brodmann area 41,stim500pre,accuracy,correct,-0.30152588165003
sub022,closed,Brodmann area 41,stim500pre,accuracy,incorrect,-0.358450270510962
sub022,closed,Brodmann area 41,stim500pre,accuracy_e,correct_e,-0.0625563175777208
sub022,closed,Brodmann area 41,stim500pre,accuracy_e,incorrect_e,-0.358450270510962
sub022,closed,Brodmann area 41,stim500pre,rt,fast,-0.148827143925318
sub022,closed,Brodmann area 41,stim500pre,rt,slow,-0.428709172683752
sub022,closed,Brodmann area 42,stim500pre,accuracy,correct,-0.25497098402744
sub022,closed,Brodmann area 42,stim500pre,accuracy,incorrect,-0.15822560897264
sub022,closed,Brodmann area 42,stim500pre,accuracy_e,correct_e,-0.224721482417427
sub022,closed,Brodmann area 42,stim500pre,accuracy_e,incorrect_e,-0.15822560897264
sub022,closed,Brodmann area 42,stim500pre,rt,fast,-0.215541873939072
sub022,closed,Brodmann area 42,stim500pre,rt,slow,-0.292107054174283
sub022,closed,Brodmann area 22,stim500pre,accuracy,correct,-0.262862558026433
sub022,closed,Brodmann area 22,stim500pre,accuracy,incorrect,-0.183769329490904
sub022,closed,Brodmann area 22,stim500pre,accuracy_e,correct_e,-0.0517498132930457
sub022,closed,Brodmann area 22,stim500pre,accuracy_e,incorrect_e,-0.183769329490904
sub022,closed,Brodmann area 22,stim500pre,rt,fast,-0.262862698260867
sub022,closed,Brodmann area 22,stim500pre,rt,slow,-0.262862407167765
sub023,open,Brodmann area 41,stim500pre,accuracy,correct,0.0104928944372975
sub023,open,Brodmann area 41,stim500pre,accuracy,incorrect,-0.173220759587357
sub023,open,Brodmann area 41,stim500pre,accuracy_e,correct_e,0.232595143137839
sub023,open,Brodmann area 41,stim500pre,accuracy_e,incorrect_e,-0.173220759587357
sub023,open,Brodmann area 41,stim500pre,rt,fast,-0.0219225576414873
sub023,open,Brodmann area 41,stim500pre,rt,slow,0.0482630818956703
sub023,open,Brodmann area 42,stim500pre,accuracy,correct,-0.156506303996915
sub023,open,Brodmann area 42,stim500pre,accuracy,incorrect,-0.249387680841752
sub023,open,Brodmann area 42,stim500pre,accuracy_e,correct_e,0.163528872979033
sub023,open,Brodmann area 42,stim500pre,accuracy_e,incorrect_e,-0.249387680841752
sub023,open,Brodmann area 42,stim500pre,rt,fast,-0.289308718544371
sub023,open,Brodmann area 42,stim500pre,rt,slow,0.00932174984558118
sub023,open,Brodmann area 22,stim500pre,accuracy,correct,0.0335998355156102
sub023,open,Brodmann area 22,stim500pre,accuracy,incorrect,-0.230651604061416
sub023,open,Brodmann area 22,stim500pre,accuracy_e,correct_e,0.305392731061067
sub023,open,Brodmann area 22,stim500pre,accuracy_e,incorrect_e,-0.230651604061416
sub023,open,Brodmann area 22,stim500pre,rt,fast,-0.0525608783080224
sub023,open,Brodmann area 22,stim500pre,rt,slow,0.105984359499663
sub023,closed,Brodmann area 41,stim500pre,accuracy,correct,-0.0791217692528382
sub023,closed,Brodmann area 41,stim500pre,accuracy,incorrect,-0.429203895630594
sub023,closed,Brodmann area 41,stim500pre,accuracy_e,correct_e,-0.150949098091722
sub023,closed,Brodmann area 41,stim500pre,accuracy_e,incorrect_e,-0.429203895630594
sub023,closed,Brodmann area 41,stim500pre,rt,fast,-0.141059910046656
sub023,closed,Brodmann area 41,stim500pre,rt,slow,-0.0233034582108181
sub023,closed,Brodmann area 42,stim500pre,accuracy,correct,-0.0781608962325814
sub023,closed,Brodmann area 42,stim500pre,accuracy,incorrect,-0.0102350185405459
sub023,closed,Brodmann area 42,stim500pre,accuracy_e,correct_e,0.103972893436325
sub023,closed,Brodmann area 42,stim500pre,accuracy_e,incorrect_e,-0.0102350185405459
sub023,closed,Brodmann area 42,stim500pre,rt,fast,0.0281771181076881
sub023,closed,Brodmann area 42,stim500pre,rt,slow,-0.177581155511895
sub023,closed,Brodmann area 22,stim500pre,accuracy,correct,-0.0334086566768981
sub023,closed,Brodmann area 22,stim500pre,accuracy,incorrect,-0.0237166017068927
sub023,closed,Brodmann area 22,stim500pre,accuracy_e,correct_e,-0.0282059352710171
sub023,closed,Brodmann area 22,stim500pre,accuracy_e,incorrect_e,-0.0237166017068927
sub023,closed,Brodmann area 22,stim500pre,rt,fast,-0.0389861358629838
sub023,closed,Brodmann area 22,stim500pre,rt,slow,-0.0281022107366149
sub024,open,Brodmann area 41,stim500pre,accuracy,correct,0.111156371872732
sub024,open,Brodmann area 41,stim500pre,accuracy,incorrect,0.317396136834489
sub024,open,Brodmann area 41,stim500pre,accuracy_e,correct_e,0.111767824668621
sub024,open,Brodmann area 41,stim500pre,accuracy_e,incorrect_e,0.317396136834489
sub024,open,Brodmann area 41,stim500pre,rt,fast,0.273005466302437
sub024,open,Brodmann area 41,stim500pre,rt,slow,-0.025462781290717
sub024,open,Brodmann area 42,stim500pre,accuracy,correct,-0.0453868928314279
sub024,open,Brodmann area 42,stim500pre,accuracy,incorrect,0.0120823536476139
sub024,open,Brodmann area 42,stim500pre,accuracy_e,correct_e,0.0786970676564051
sub024,open,Brodmann area 42,stim500pre,accuracy_e,incorrect_e,0.0120823536476139
sub024,open,Brodmann area 42,stim500pre,rt,fast,0.0614524038233398
sub024,open,Brodmann area 42,stim500pre,rt,slow,-0.13697105244703
sub024,open,Brodmann area 22,stim500pre,accuracy,correct,0.0896699145615333
sub024,open,Brodmann area 22,stim500pre,accuracy,incorrect,0.0403337945912345
sub024,open,Brodmann area 22,stim500pre,accuracy_e,correct_e,0.328803838573421
sub024,open,Brodmann area 22,stim500pre,accuracy_e,incorrect_e,0.0403337945912345
sub024,open,Brodmann area 22,stim500pre,rt,fast,0.217365017439108
sub024,open,Brodmann area 22,stim500pre,rt,slow,-0.0300424574947276
sub024,closed,Brodmann area 41,stim500pre,accuracy,correct,-0.179528237734136
sub024,closed,Brodmann area 41,stim500pre,accuracy,incorrect,-0.018836435534035
sub024,closed,Brodmann area 41,stim500pre,accuracy_e,correct_e,-0.271835552352464
sub024,closed,Brodmann area 41,stim500pre,accuracy_e,incorrect_e,-0.018836435534035
sub024,closed,Brodmann area 41,stim500pre,rt,fast,-0.037422179992551
sub024,closed,Brodmann area 41,stim500pre,rt,slow,-0.315413116654001
sub024,closed,Brodmann area 42,stim500pre,accuracy,correct,-0.208551020191151
sub024,closed,Brodmann area 42,stim500pre,accuracy,incorrect,0.103431277226176
sub024,closed,Brodmann area 42,stim500pre,accuracy_e,correct_e,-0.26745096495835
sub024,closed,Brodmann area 42,stim500pre,accuracy_e,incorrect_e,0.103431277226176
sub024,closed,Brodmann area 42,stim500pre,rt,fast,-0.179873174594255
sub024,closed,Brodmann area 42,stim500pre,rt,slow,-0.236594785591163
sub024,closed,Brodmann area 22,stim500pre,accuracy,correct,-0.23898550989478
sub024,closed,Brodmann area 22,stim500pre,accuracy,incorrect,-0.0164781260841245
sub024,closed,Brodmann area 22,stim500pre,accuracy_e,correct_e,-0.279570210495087
sub024,closed,Brodmann area 22,stim500pre,accuracy_e,incorrect_e,-0.0164781260841245
sub024,closed,Brodmann area 22,stim500pre,rt,fast,-0.342989157750221
sub024,closed,Brodmann area 22,stim500pre,rt,slow,-0.115717012234789
sub025,open,Brodmann area 41,stim500pre,accuracy,correct,0.351876565675002
sub025,open,Brodmann area 41,stim500pre,accuracy,incorrect,0.186246689043546
sub025,open,Brodmann area 41,stim500pre,accuracy_e,correct_e,0.468521109557746
sub025,open,Brodmann area 41,stim500pre,accuracy_e,incorrect_e,0.186246689043546
sub025,open,Brodmann area 41,stim500pre,rt,fast,0.162916661725313
sub025,open,Brodmann area 41,stim500pre,rt,slow,0.712606764107977
sub025,open,Brodmann area 42,stim500pre,accuracy,correct,0.37696226213237
sub025,open,Brodmann area 42,stim500pre,accuracy,incorrect,-0.164658979939068
sub025,open,Brodmann area 42,stim500pre,accuracy_e,correct_e,0.436743796724918
sub025,open,Brodmann area 42,stim500pre,accuracy_e,incorrect_e,-0.164658979939068
sub025,open,Brodmann area 42,stim500pre,rt,fast,0.568631815814277
sub025,open,Brodmann area 42,stim500pre,rt,slow,0.207902748386046
sub025,open,Brodmann area 22,stim500pre,accuracy,correct,0.224863495600496
sub025,open,Brodmann area 22,stim500pre,accuracy,incorrect,0.229716187414918
sub025,open,Brodmann area 22,stim500pre,accuracy_e,correct_e,0.252641964394456
sub025,open,Brodmann area 22,stim500pre,accuracy_e,incorrect_e,0.229716187414918
sub025,open,Brodmann area 22,stim500pre,rt,fast,0.17296188300749
sub025,open,Brodmann area 22,stim500pre,rt,slow,0.309986813306716
sub025,closed,Brodmann area 41,stim500pre,accuracy,correct,0.0539350483781348
sub025,closed,Brodmann area 41,stim500pre,accuracy,incorrect,-0.0280270446663159
sub025,closed,Brodmann area 41,stim500pre,accuracy_e,correct_e,0.179476663849424
sub025,closed,Brodmann area 41,stim500pre,accuracy_e,incorrect_e,-0.0280270446663159
sub025,closed,Brodmann area 41,stim500pre,rt,fast,0.126170876079889
sub025,closed,Brodmann area 41,stim500pre,rt,slow,-0.00639693670235584
sub025,closed,Brodmann area 42,stim500pre,accuracy,correct,0.0501642491763863
sub025,closed,Brodmann area 42,stim500pre,accuracy,incorrect,0.160756539454976
sub025,closed,Brodmann area 42,stim500pre,accuracy_e,correct_e,0.15910301712349
sub025,closed,Brodmann area 42,stim500pre,accuracy_e,incorrect_e,0.160756539454976
sub025,closed,Brodmann area 42,stim500pre,rt,fast,0.334485564888489
sub025,closed,Brodmann area 42,stim500pre,rt,slow,-0.135737287672899
sub025,closed,Brodmann area 22,stim500pre,accuracy,correct,-0.0602592344905819
sub025,closed,Brodmann area 22,stim500pre,accuracy,incorrect,0.538097238162372
sub025,closed,Brodmann area 22,stim500pre,accuracy_e,correct_e,-0.0942594785587051
sub025,closed,Brodmann area 22,stim500pre,accuracy_e,incorrect_e,0.538097238162372
sub025,closed,Brodmann area 22,stim500pre,rt,fast,-0.13198743210923
sub025,closed,Brodmann area 22,stim500pre,rt,slow,0.00354060149358788
sub026,open,Brodmann area 41,stim500pre,accuracy,correct,0.304905679947478
sub026,open,Brodmann area 41,stim500pre,accuracy,incorrect,0.330817365622297
sub026,open,Brodmann area 41,stim500pre,accuracy_e,correct_e,-0.0585315738726144
sub026,open,Brodmann area 41,stim500pre,accuracy_e,incorrect_e,0.330817365622297
sub026,open,Brodmann area 41,stim500pre,rt,fast,0.145618856121563
sub026,open,Brodmann area 41,stim500pre,rt,slow,0.485117154334408
sub026,open,Brodmann area 42,stim500pre,accuracy,correct,0.522893365204188
sub026,open,Brodmann area 42,stim500pre,accuracy,incorrect,0.97649335044263
sub026,open,Brodmann area 42,stim500pre,accuracy_e,correct_e,0.254710730998076
sub026,open,Brodmann area 42,stim500pre,accuracy_e,incorrect_e,0.97649335044263
sub026,open,Brodmann area 42,stim500pre,rt,fast,0.487261563817739
sub026,open,Brodmann area 42,stim500pre,rt,slow,0.565228911806203
sub026,open,Brodmann area 22,stim500pre,accuracy,correct,0.202247068884681
sub026,open,Brodmann area 22,stim500pre,accuracy,incorrect,0.179633136232223
sub026,open,Brodmann area 22,stim500pre,accuracy_e,correct_e,-0.167251465317294
sub026,open,Brodmann area 22,stim500pre,accuracy_e,incorrect_e,0.179633136232223
sub026,open,Brodmann area 22,stim500pre,rt,fast,0.133382516324168
sub026,open,Brodmann area 22,stim500pre,rt,slow,0.288523515366781
sub026,closed,Brodmann area 41,stim500pre,accuracy,correct,-0.137151126927402
sub026,closed,Brodmann area 41,stim500pre,accuracy,incorrect,0.188498042927354
sub026,closed,Brodmann area 41,stim500pre,accuracy_e,correct_e,-0.265141083941037
sub026,closed,Brodmann area 41,stim500pre,accuracy_e,incorrect_e,0.188498042927354
sub026,closed,Brodmann area 41,stim500pre,rt,fast,-0.00993220113681494
sub026,closed,Brodmann area 41,stim500pre,rt,slow,-0.279437293350852
sub026,closed,Brodmann area 42,stim500pre,accuracy,correct,0.156368639705247
sub026,closed,Brodmann area 42,stim500pre,accuracy,incorrect,0.410257498796068
sub026,closed,Brodmann area 42,stim500pre,accuracy_e,correct_e,-0.0331077153269051
sub026,closed,Brodmann area 42,stim500pre,accuracy_e,incorrect_e,0.410257498796068
sub026,closed,Brodmann area 42,stim500pre,rt,fast,0.274392843883344
sub026,closed,Brodmann area 42,stim500pre,rt,slow,0.0115230083438752
sub026,closed,Brodmann area 22,stim500pre,accuracy,correct,0.00816248497548127
sub026,closed,Brodmann area 22,stim500pre,accuracy,incorrect,0.165139330149507
sub026,closed,Brodmann area 22,stim500pre,accuracy_e,correct_e,0.0578017391951456
sub026,closed,Brodmann area 22,stim500pre,accuracy_e,incorrect_e,0.165139330149507
sub026,closed,Brodmann area 22,stim500pre,rt,fast,0.0235603340731517
sub026,closed,Brodmann area 22,stim500pre,rt,slow,-0.0128792732262488
sub027,open,Brodmann area 41,stim500pre,accuracy,correct,-0.0997890734267263
sub027,open,Brodmann area 41,stim500pre,accuracy,incorrect,0.00521374641724316
sub027,open,Brodmann area 41,stim500pre,accuracy_e,correct_e,0.0695870941184322
sub027,open,Brodmann area 41,stim500pre,accuracy_e,incorrect_e,0.00521374641724316
sub027,open,Brodmann area 41,stim500pre,rt,fast,-0.0802248729619472
sub027,open,Brodmann area 41,stim500pre,rt,slow,-0.125836143824572
sub027,open,Brodmann area 42,stim500pre,accuracy,correct,0.0696107643763281
sub027,open,Brodmann area 42,stim500pre,accuracy,incorrect,-0.0301986041473616
sub027,open,Brodmann area 42,stim500pre,accuracy_e,correct_e,0.0743921155788129
sub027,open,Brodmann area 42,stim500pre,accuracy_e,incorrect_e,-0.0301986041473616
sub027,open,Brodmann area 42,stim500pre,rt,fast,0.190249004669077
sub027,open,Brodmann area 42,stim500pre,rt,slow,-0.0758852859023682
sub027,open,Brodmann area 22,stim500pre,accuracy,correct,-0.0407105909214877
sub027,open,Brodmann area 22,stim500pre,accuracy,incorrect,0.0599093399008201
sub027,open,Brodmann area 22,stim500pre,accuracy_e,correct_e,0.167162453182012
sub027,open,Brodmann area 22,stim500pre,accuracy_e,incorrect_e,0.0599093399008201
sub027,open,Brodmann area 22,stim500pre,rt,fast,0.0326030997350926
sub027,open,Brodmann area 22,stim500pre,rt,slow,-0.125529036659102
sub027,closed,Brodmann area 41,stim500pre,accuracy,correct,-0.223506168724474
sub027,closed,Brodmann area 41,stim500pre,accuracy,incorrect,-0.135316505569325
sub027,closed,Brodmann area 41,stim500pre,accuracy_e,correct_e,-0.274975770021597
sub027,closed,Brodmann area 41,stim500pre,accuracy_e,incorrect_e,-0.135316505569325
sub027,closed,Brodmann area 41,stim500pre,rt,fast,-0.148694231872782
sub027,closed,Brodmann area 41,stim500pre,rt,slow,-0.293765232667815
sub027,closed,Brodmann area 42,stim500pre,accuracy,correct,-0.169315174263175
sub027,closed,Brodmann area 42,stim500pre,accuracy,incorrect,-0.185017069948602
sub027,closed,Brodmann area 42,stim500pre,accuracy_e,correct_e,-0.0548419957500476
sub027,closed,Brodmann area 42,stim500pre,accuracy_e,incorrect_e,-0.185017069948602
sub027,closed,Brodmann area 42,stim500pre,rt,fast,-0.0216737422300991
sub027,closed,Brodmann area 42,stim500pre,rt,slow,-0.287548926736165
sub027,closed,Brodmann area 22,stim500pre,accuracy,correct,-0.197723357168984
sub027,closed,Brodmann area 22,stim500pre,accuracy,incorrect,-0.207601052378323
sub027,closed,Brodmann area 22,stim500pre,accuracy_e,correct_e,-0.15337044658244
sub027,closed,Brodmann area 22,stim500pre,accuracy_e,incorrect_e,-0.207601052378323
sub027,closed,Brodmann area 22,stim500pre,rt,fast,-0.257126533975539
sub027,closed,Brodmann area 22,stim500pre,rt,slow,-0.11661677865684
sub028,open,Brodmann area 41,stim500pre,accuracy,correct,-0.327318802769603
sub028,open,Brodmann area 41,stim500pre,accuracy,incorrect,-0.268726438020515
sub028,open,Brodmann area 41,stim500pre,accuracy_e,correct_e,-0.511819198481444
sub028,open,Brodmann area 41,stim500pre,accuracy_e,incorrect_e,-0.268726438020515
sub028,open,Brodmann area 41,stim500pre,rt,fast,-0.417458140163273
sub028,open,Brodmann area 41,stim500pre,rt,slow,-0.199657125402186
sub028,open,Brodmann area 42,stim500pre,accuracy,correct,-0.325233629730738
sub028,open,Brodmann area 42,stim500pre,accuracy,incorrect,-0.432155082859263
sub028,open,Brodmann area 42,stim500pre,accuracy_e,correct_e,-0.518130255395609
sub028,open,Brodmann area 42,stim500pre,accuracy_e,incorrect_e,-0.432155082859263
sub028,open,Brodmann area 42,stim500pre,rt,fast,-0.332704954941949
sub028,open,Brodmann area 42,stim500pre,rt,slow,-0.316642156435521
sub028,open,Brodmann area 22,stim500pre,accuracy,correct,-0.0957239627731277
sub028,open,Brodmann area 22,stim500pre,accuracy,incorrect,0.177562303882053
sub028,open,Brodmann area 22,stim500pre,accuracy_e,correct_e,-0.459220260560156
sub028,open,Brodmann area 22,stim500pre,accuracy_e,incorrect_e,0.177562303882053
sub028,open,Brodmann area 22,stim500pre,rt,fast,0.031733849996015
sub028,open,Brodmann area 22,stim500pre,rt,slow,-0.20321156051866
sub028,closed,Brodmann area 41,stim500pre,accuracy,correct,-0.269749243003696
sub028,closed,Brodmann area 41,stim500pre,accuracy,incorrect,-0.169273213481492
sub028,closed,Brodmann area 41,stim500pre,accuracy_e,correct_e,0.0174711804995392
sub028,closed,Brodmann area 41,stim500pre,accuracy_e,incorrect_e,-0.169273213481492
sub028,closed,Brodmann area 41,stim500pre,rt,fast,-0.312159949579409
sub028,closed,Brodmann area 41,stim500pre,rt,slow,-0.22455573576769
sub028,closed,Brodmann area 42,stim500pre,accuracy,correct,-0.254340033428458
sub028,closed,Brodmann area 42,stim500pre,accuracy,incorrect,-0.014293504786007
sub028,closed,Brodmann area 42,stim500pre,accuracy_e,correct_e,0.131154566044155
sub028,closed,Brodmann area 42,stim500pre,accuracy_e,incorrect_e,-0.014293504786007
sub028,closed,Brodmann area 42,stim500pre,rt,fast,-0.311996791896705
sub028,closed,Brodmann area 42,stim500pre,rt,slow,-0.185713600200466
sub028,closed,Brodmann area 22,stim500pre,accuracy,correct,-0.308323296388556
sub028,closed,Brodmann area 22,stim500pre,accuracy,incorrect,0.0468463088495784
sub028,closed,Brodmann area 22,stim500pre,accuracy_e,correct_e,-0.362350434636584
sub028,closed,Brodmann area 22,stim500pre,accuracy_e,incorrect_e,0.0468463088495784
sub028,closed,Brodmann area 22,stim500pre,rt,fast,-0.243043568478808
sub028,closed,Brodmann area 22,stim500pre,rt,slow,-0.371530505993745
sub029,open,Brodmann area 41,stim500pre,accuracy,correct,-0.0954646907128538
sub029,open,Brodmann area 41,stim500pre,accuracy,incorrect,0.117543753556594
sub029,open,Brodmann area 41,stim500pre,accuracy_e,correct_e,-0.157749855079428
sub029,open,Brodmann area 41,stim500pre,accuracy_e,incorrect_e,0.117543753556594
sub029,open,Brodmann area 41,stim500pre,rt,fast,-0.114705018464311
sub029,open,Brodmann area 41,stim500pre,rt,slow,-0.0758781951298611
sub029,open,Brodmann area 42,stim500pre,accuracy,correct,-0.0258823360628132
sub029,open,Brodmann area 42,stim500pre,accuracy,incorrect,0.138525627958371
sub029,open,Brodmann area 42,stim500pre,accuracy_e,correct_e,-0.0769623343949159
sub029,open,Brodmann area 42,stim500pre,accuracy_e,incorrect_e,0.138525627958371
sub029,open,Brodmann area 42,stim500pre,rt,fast,-0.00721337778688402
sub029,open,Brodmann area 42,stim500pre,rt,slow,-0.0451579561998081
sub029,open,Brodmann area 22,stim500pre,accuracy,correct,-0.110724883539511
sub029,open,Brodmann area 22,stim500pre,accuracy,incorrect,-0.0206716185910027
sub029,open,Brodmann area 22,stim500pre,accuracy_e,correct_e,-0.12795781064387
sub029,open,Brodmann area 22,stim500pre,accuracy_e,incorrect_e,-0.0206716185910027
sub029,open,Brodmann area 22,stim500pre,rt,fast,-0.185674841157775
sub029,open,Brodmann area 22,stim500pre,rt,slow,-0.0274940404244689
sub029,closed,Brodmann area 41,stim500pre,accuracy,correct,0.154879104697325
sub029,closed,Brodmann area 41,stim500pre,accuracy,incorrect,0.464401688372707
sub029,closed,Brodmann area 41,stim500pre,accuracy_e,correct_e,0.363010592243726
sub029,closed,Brodmann area 41,stim500pre,accuracy_e,incorrect_e,0.464401688372707
sub029,closed,Brodmann area 41,stim500pre,rt,fast,-0.104724842392939
sub029,closed,Brodmann area 41,stim500pre,rt,slow,0.424752650942225
sub029,closed,Brodmann area 42,stim500pre,accuracy,correct,0.18026816730412
sub029,closed,Brodmann area 42,stim500pre,accuracy,incorrect,0.221075028649094
sub029,closed,Brodmann area 42,stim500pre,accuracy_e,correct_e,0.159585905245841
sub029,closed,Brodmann area 42,stim500pre,accuracy_e,incorrect_e,0.221075028649094
sub029,closed,Brodmann area 42,stim500pre,rt,fast,0.00208341338579039
sub029,closed,Brodmann area 42,stim500pre,rt,slow,0.362658710852156
sub029,closed,Brodmann area 22,stim500pre,accuracy,correct,0.0625199551944504
sub029,closed,Brodmann area 22,stim500pre,accuracy,incorrect,0.0873064335595835
sub029,closed,Brodmann area 22,stim500pre,accuracy_e,correct_e,-0.0883078208704091
sub029,closed,Brodmann area 22,stim500pre,accuracy_e,incorrect_e,0.0873064335595835
sub029,closed,Brodmann area 22,stim500pre,rt,fast,-0.0301481985851302
sub029,closed,Brodmann area 22,stim500pre,rt,slow,0.158613993855594
sub030,open,Brodmann area 41,stim500pre,accuracy,correct,-0.0519294424721212
sub030,open,Brodmann area 41,stim500pre,accuracy,incorrect,0.141359432931006
sub030,open,Brodmann area 41,stim500pre,accuracy_e,correct_e,-0.0915597790308078
sub030,open,Brodmann area 41,stim500pre,accuracy_e,incorrect_e,0.141359432931006
sub030,open,Brodmann area 41,stim500pre,rt,fast,-0.119783166605844
sub030,open,Brodmann area 41,stim500pre,rt,slow,0.016075652288758
sub030,open,Brodmann area 42,stim500pre,accuracy,correct,0.0170196026000413
sub030,open,Brodmann area 42,stim500pre,accuracy,incorrect,0.171890676607731
sub030,open,Brodmann area 42,stim500pre,accuracy_e,correct_e,0.0088924340973081
sub030,open,Brodmann area 42,stim500pre,accuracy_e,incorrect_e,0.171890676607731
sub030,open,Brodmann area 42,stim500pre,rt,fast,0.0654367451554846
sub030,open,Brodmann area 42,stim500pre,rt,slow,-0.0303934373157704
sub030,open,Brodmann area 22,stim500pre,accuracy,correct,0.00659208605882936
sub030,open,Brodmann area 22,stim500pre,accuracy,incorrect,0.528179516004645
sub030,open,Brodmann area 22,stim500pre,accuracy_e,correct_e,0.0245094913908925
sub030,open,Brodmann area 22,stim500pre,accuracy_e,incorrect_e,0.528179516004645
sub030,open,Brodmann area 22,stim500pre,rt,fast,0.0550631184027464
sub030,open,Brodmann area 22,stim500pre,rt,slow,-0.0411734450858896
sub030,closed,Brodmann area 41,stim500pre,accuracy,correct,-0.0842173084592327
sub030,closed,Brodmann area 41,stim500pre,accuracy,incorrect,-0.287952439055677
sub030,closed,Brodmann area 41,stim500pre,accuracy_e,correct_e,-0.149820195838741
sub030,closed,Brodmann area 41,stim500pre,accuracy_e,incorrect_e,-0.287952439055677
sub030,closed,Brodmann area 41,stim500pre,rt,fast,-0.0960900948558196
sub030,closed,Brodmann area 41,stim500pre,rt,slow,-0.0721774543346579
sub030,closed,Brodmann area 42,stim500pre,accuracy,correct,-0.0821750570682924
sub030,closed,Brodmann area 42,stim500pre,accuracy,incorrect,-0.11334065006698
sub030,closed,Brodmann area 42,stim500pre,accuracy_e,correct_e,-0.0839728064027205
sub030,closed,Brodmann area 42,stim500pre,accuracy_e,incorrect_e,-0.11334065006698
sub030,closed,Brodmann area 42,stim500pre,rt,fast,0.0394920042908262
sub030,closed,Brodmann area 42,stim500pre,rt,slow,-0.193361371192731
sub030,closed,Brodmann area 22,stim500pre,accuracy,correct,-0.153631140098529
sub030,closed,Brodmann area 22,stim500pre,accuracy,incorrect,-0.258867107201017
sub030,closed,Brodmann area 22,stim500pre,accuracy_e,correct_e,-0.228261507241271
sub030,closed,Brodmann area 22,stim500pre,accuracy_e,incorrect_e,-0.258867107201017
sub030,closed,Brodmann area 22,stim500pre,rt,fast,-0.0665457216633183
sub030,closed,Brodmann area 22,stim500pre,rt,slow,-0.229008810971496
sub031,open,Brodmann area 41,stim500pre,accuracy,correct,0.0666206111920086
sub031,open,Brodmann area 41,stim500pre,accuracy,incorrect,-0.119427055081464
sub031,open,Brodmann area 41,stim500pre,accuracy_e,correct_e,-0.0613563296516557
sub031,open,Brodmann area 41,stim500pre,accuracy_e,incorrect_e,-0.119427055081464
sub031,open,Brodmann area 41,stim500pre,rt,fast,-0.0636177110505659
sub031,open,Brodmann area 41,stim500pre,rt,slow,0.189246226131202
sub031,open,Brodmann area 42,stim500pre,accuracy,correct,0.117393331654412
sub031,open,Brodmann area 42,stim500pre,accuracy,incorrect,-0.132504366688055
sub031,open,Brodmann area 42,stim500pre,accuracy_e,correct_e,0.111043732601403
sub031,open,Brodmann area 42,stim500pre,accuracy_e,incorrect_e,-0.132504366688055
sub031,open,Brodmann area 42,stim500pre,rt,fast,0.0922165640111741
sub031,open,Brodmann area 42,stim500pre,rt,slow,0.143645166261246
sub031,open,Brodmann area 22,stim500pre,accuracy,correct,0.231112052822297
sub031,open,Brodmann area 22,stim500pre,accuracy,incorrect,0.333802702320991
sub031,open,Brodmann area 22,stim500pre,accuracy_e,correct_e,0.330345452475234
sub031,open,Brodmann area 22,stim500pre,accuracy_e,incorrect_e,0.333802702320991
sub031,open,Brodmann area 22,stim500pre,rt,fast,0.290045880131102
sub031,open,Brodmann area 22,stim500pre,rt,slow,0.178630487230194
sub031,closed,Brodmann area 41,stim500pre,accuracy,correct,-0.330816210703708
sub031,closed,Brodmann area 41,stim500pre,accuracy,incorrect,-0.227948708398835
sub031,closed,Brodmann area 41,stim500pre,accuracy_e,correct_e,-0.429602851793759
sub031,closed,Brodmann area 41,stim500pre,accuracy_e,incorrect_e,-0.227948708398835
sub031,closed,Brodmann area 41,stim500pre,rt,fast,-0.203417289962206
sub031,closed,Brodmann area 41,stim500pre,rt,slow,-0.418591860935724
sub031,closed,Brodmann area 42,stim500pre,accuracy,correct,-0.134553586975175
sub031,closed,Brodmann area 42,stim500pre,accuracy,incorrect,-0.252772228512461
sub031,closed,Brodmann area 42,stim500pre,accuracy_e,correct_e,-0.173821270309106
sub031,closed,Brodmann area 42,stim500pre,accuracy_e,incorrect_e,-0.252772228512461
sub031,closed,Brodmann area 42,stim500pre,rt,fast,-0.145006128607867
sub031,closed,Brodmann area 42,stim500pre,rt,slow,-0.122593780522441
sub031,closed,Brodmann area 22,stim500pre,accuracy,correct,-0.252587430167053
sub031,closed,Brodmann area 22,stim500pre,accuracy,incorrect,-0.0539822927314296
sub031,closed,Brodmann area 22,stim500pre,accuracy_e,correct_e,-0.337721879235583
sub031,closed,Brodmann area 22,stim500pre,accuracy_e,incorrect_e,-0.0539822927314296
sub031,closed,Brodmann area 22,stim500pre,rt,fast,-0.082445375473613
sub031,closed,Brodmann area 22,stim500pre,rt,slow,-0.39900142635639
sub032,open,Brodmann area 41,stim500pre,accuracy,correct,0.0157534750980698
sub032,open,Brodmann area 41,stim500pre,accuracy,incorrect,-0.0567976687317526
sub032,open,Brodmann area 41,stim500pre,accuracy_e,correct_e,0.0848492453634843
sub032,open,Brodmann area 41,stim500pre,accuracy_e,incorrect_e,-0.0567976687317526
sub032,open,Brodmann area 41,stim500pre,rt,fast,0.0992055459947227
sub032,open,Brodmann area 41,stim500pre,rt,slow,-0.0802204161202887
sub032,open,Brodmann area 42,stim500pre,accuracy,correct,0.096008470862011
sub032,open,Brodmann area 42,stim500pre,accuracy,incorrect,-0.0256154546975719
sub032,open,Brodmann area 42,stim500pre,accuracy_e,correct_e,0.225014507574398
sub032,open,Brodmann area 42,stim500pre,accuracy_e,incorrect_e,-0.0256154546975719
sub032,open,Brodmann area 42,stim500pre,rt,fast,0.177375193833358
sub032,open,Brodmann area 42,stim500pre,rt,slow,0.000577016102299188
sub032,open,Brodmann area 22,stim500pre,accuracy,correct,0.158629362795922
sub032,open,Brodmann area 22,stim500pre,accuracy,incorrect,-0.0947674738289467
sub032,open,Brodmann area 22,stim500pre,accuracy_e,correct_e,0.237635075418468
sub032,open,Brodmann area 22,stim500pre,accuracy_e,incorrect_e,-0.0947674738289467
sub032,open,Brodmann area 22,stim500pre,rt,fast,0.211659754479315
sub032,open,Brodmann area 22,stim500pre,rt,slow,0.113692560139686
sub032,closed,Brodmann area 41,stim500pre,accuracy,correct,-0.114187820300977
sub032,closed,Brodmann area 41,stim500pre,accuracy,incorrect,-0.193944740516271
sub032,closed,Brodmann area 41,stim500pre,accuracy_e,correct_e,0.00495390155121692
sub032,closed,Brodmann area 41,stim500pre,accuracy_e,incorrect_e,-0.193944740516271
sub032,closed,Brodmann area 41,stim500pre,rt,fast,-0.112983933158522
sub032,closed,Brodmann area 41,stim500pre,rt,slow,-0.115707818814608
sub032,closed,Brodmann area 42,stim500pre,accuracy,correct,-0.0172535224342968
sub032,closed,Brodmann area 42,stim500pre,accuracy,incorrect,-0.00877701825325062
sub032,closed,Brodmann area 42,stim500pre,accuracy_e,correct_e,0.0168882440509717
sub032,closed,Brodmann area 42,stim500pre,accuracy_e,incorrect_e,-0.00877701825325062
sub032,closed,Brodmann area 42,stim500pre,rt,fast,0.0305746614847956
sub032,closed,Brodmann area 42,stim500pre,rt,slow,-0.0667601111385696
sub032,closed,Brodmann area 22,stim500pre,accuracy,correct,-0.0817797142234273
sub032,closed,Brodmann area 22,stim500pre,accuracy,incorrect,-0.0826728807219309
sub032,closed,Brodmann area 22,stim500pre,accuracy_e,correct_e,-0.134841662221876
sub032,closed,Brodmann area 22,stim500pre,accuracy_e,incorrect_e,-0.0826728807219309
sub032,closed,Brodmann area 22,stim500pre,rt,fast,-0.157827156158146
sub032,closed,Brodmann area 22,stim500pre,rt,slow,0.0110034311933802
sub033,open,Brodmann area 41,stim500pre,accuracy,correct,0.467796026868408
sub033,open,Brodmann area 41,stim500pre,accuracy,incorrect,-0.0191416557005182
sub033,open,Brodmann area 41,stim500pre,accuracy_e,correct_e,0.637530919497846
sub033,open,Brodmann area 41,stim500pre,accuracy_e,incorrect_e,-0.0191416557005182
sub033,open,Brodmann area 41,stim500pre,rt,fast,0.501294777268596
sub033,open,Brodmann area 41,stim500pre,rt,slow,0.42010311077144
sub033,open,Brodmann area 42,stim500pre,accuracy,correct,-0.0813008769872135
sub033,open,Brodmann area 42,stim500pre,accuracy,incorrect,0.247331883241353
sub033,open,Brodmann area 42,stim500pre,accuracy_e,correct_e,0.190047481762611
sub033,open,Brodmann area 42,stim500pre,accuracy_e,incorrect_e,0.247331883241353
sub033,open,Brodmann area 42,stim500pre,rt,fast,-0.048911808127176
sub033,open,Brodmann area 42,stim500pre,rt,slow,-0.112328528998115
sub033,open,Brodmann area 22,stim500pre,accuracy,correct,0.0342340835166758
sub033,open,Brodmann area 22,stim500pre,accuracy,incorrect,0.429087565850383
sub033,open,Brodmann area 22,stim500pre,accuracy_e,correct_e,0.14690937087248
sub033,open,Brodmann area 22,stim500pre,accuracy_e,incorrect_e,0.429087565850383
sub033,open,Brodmann area 22,stim500pre,rt,fast,0.186746012425063
sub033,open,Brodmann area 22,stim500pre,rt,slow,-0.0941131890493386
sub033,closed,Brodmann area 41,stim500pre,accuracy,correct,0.0115433989859726
sub033,closed,Brodmann area 41,stim500pre,accuracy,incorrect,-0.17648746830091
sub033,closed,Brodmann area 41,stim500pre,accuracy_e,correct_e,0.108298096801723
sub033,closed,Brodmann area 41,stim500pre,accuracy_e,incorrect_e,-0.17648746830091
sub033,closed,Brodmann area 41,stim500pre,rt,fast,0.0521768334030919
sub033,closed,Brodmann area 41,stim500pre,rt,slow,-0.0243077428969762
sub033,closed,Brodmann area 42,stim500pre,accuracy,correct,-0.000837841020550781
sub033,closed,Brodmann area 42,stim500pre,accuracy,incorrect,-0.02265010483699
sub033,closed,Brodmann area 42,stim500pre,accuracy_e,correct_e,0.442805452099628
sub033,closed,Brodmann area 42,stim500pre,accuracy_e,incorrect_e,-0.02265010483699
sub033,closed,Brodmann area 42,stim500pre,rt,fast,-0.0979835762398926
sub033,closed,Brodmann area 42,stim500pre,rt,slow,0.0985800586530207
sub033,closed,Brodmann area 22,stim500pre,accuracy,correct,0.025506239925709
sub033,closed,Brodmann area 22,stim500pre,accuracy,incorrect,0.0748507937143949
sub033,closed,Brodmann area 22,stim500pre,accuracy_e,correct_e,0.255435758318936
sub033,closed,Brodmann area 22,stim500pre,accuracy_e,incorrect_e,0.0748507937143949
sub033,closed,Brodmann area 22,stim500pre,rt,fast,-0.070592202155198
sub033,closed,Brodmann area 22,stim500pre,rt,slow,0.134494799997428
sub034,open,Brodmann area 41,stim500pre,accuracy,correct,0.513752465663361
sub034,open,Brodmann area 41,stim500pre,accuracy,incorrect,0.254817209137945
sub034,open,Brodmann area 41,stim500pre,accuracy_e,correct_e,0.57130838404516
sub034,open,Brodmann area 41,stim500pre,accuracy_e,incorrect_e,0.254817209137945
sub034,open,Brodmann area 41,stim500pre,rt,fast,0.399907726865334
sub034,open,Brodmann area 41,stim500pre,rt,slow,0.501714476328857
sub034,open,Brodmann area 42,stim500pre,accuracy,correct,0.448389676209214
sub034,open,Brodmann area 42,stim500pre,accuracy,incorrect,0.30085125865639
sub034,open,Brodmann area 42,stim500pre,accuracy_e,correct_e,0.446032907083496
sub034,open,Brodmann area 42,stim500pre,accuracy_e,incorrect_e,0.30085125865639
sub034,open,Brodmann area 42,stim500pre,rt,fast,0.425080465666863
sub034,open,Brodmann area 42,stim500pre,rt,slow,0.339209300080732
sub034,open,Brodmann area 22,stim500pre,accuracy,correct,0.533464147463163
sub034,open,Brodmann area 22,stim500pre,accuracy,incorrect,0.304447478213828
sub034,open,Brodmann area 22,stim500pre,accuracy_e,correct_e,0.994106103693223
sub034,open,Brodmann area 22,stim500pre,accuracy_e,incorrect_e,0.304447478213828
sub034,open,Brodmann area 22,stim500pre,rt,fast,0.728739267246732
sub034,open,Brodmann area 22,stim500pre,rt,slow,0.310251507617769
sub034,closed,Brodmann area 41,stim500pre,accuracy,correct,0.262060144357105
sub034,closed,Brodmann area 41,stim500pre,accuracy,incorrect,0.196098355201531
sub034,closed,Brodmann area 41,stim500pre,accuracy_e,correct_e,0.517542288962846
sub034,closed,Brodmann area 41,stim500pre,accuracy_e,incorrect_e,0.196098355201531
sub034,closed,Brodmann area 41,stim500pre,rt,fast,0.113937617084372
sub034,closed,Brodmann area 41,stim500pre,rt,slow,0.492292588259129
sub034,closed,Brodmann area 42,stim500pre,accuracy,correct,0.326778898715525
sub034,closed,Brodmann area 42,stim500pre,accuracy,incorrect,0.412088367666543
sub034,closed,Brodmann area 42,stim500pre,accuracy_e,correct_e,0.578972902574883
sub034,closed,Brodmann area 42,stim500pre,accuracy_e,incorrect_e,0.412088367666543
sub034,closed,Brodmann area 42,stim500pre,rt,fast,0.143839800888284
sub034,closed,Brodmann area 42,stim500pre,rt,slow,0.520919002931803
sub034,closed,Brodmann area 22,stim500pre,accuracy,correct,0.280237476206629
sub034,closed,Brodmann area 22,stim500pre,accuracy,incorrect,0.116121575220686
sub034,closed,Brodmann area 22,stim500pre,accuracy_e,correct_e,0.723413000192237
sub034,closed,Brodmann area 22,stim500pre,accuracy_e,incorrect_e,0.116121575220686
sub034,closed,Brodmann area 22,stim500pre,rt,fast,0.216907386353618
sub034,closed,Brodmann area 22,stim500pre,rt,slow,0.334078709647595
sub035,open,Brodmann area 41,stim500pre,accuracy,correct,-0.219950877021219
sub035,open,Brodmann area 41,stim500pre,accuracy,incorrect,-0.153514510163642
sub035,open,Brodmann area 41,stim500pre,accuracy_e,correct_e,-0.199958583877451
sub035,open,Brodmann area 41,stim500pre,accuracy_e,incorrect_e,-0.153514510163642
sub035,open,Brodmann area 41,stim500pre,rt,fast,0.00433249051043589
sub035,open,Brodmann area 41,stim500pre,rt,slow,-0.401853290239449
sub035,open,Brodmann area 42,stim500pre,accuracy,correct,-0.285561996096099
sub035,open,Brodmann area 42,stim500pre,accuracy,incorrect,0.0255600895028892
sub035,open,Brodmann area 42,stim500pre,accuracy_e,correct_e,-0.0514850369010216
sub035,open,Brodmann area 42,stim500pre,accuracy_e,incorrect_e,0.0255600895028892
sub035,open,Brodmann area 42,stim500pre,rt,fast,-0.123039883570198
sub035,open,Brodmann area 42,stim500pre,rt,slow,-0.421983753144177
sub035,open,Brodmann area 22,stim500pre,accuracy,correct,0.0357187333203583
sub035,open,Brodmann area 22,stim500pre,accuracy,incorrect,0.0887654998741416
sub035,open,Brodmann area 22,stim500pre,accuracy_e,correct_e,0.309622097485669
sub035,open,Brodmann area 22,stim500pre,accuracy_e,incorrect_e,0.0887654998741416
sub035,open,Brodmann area 22,stim500pre,rt,fast,0.327590523135651
sub035,open,Brodmann area 22,stim500pre,rt,slow,-0.190378748176595
sub035,closed,Brodmann area 41,stim500pre,accuracy,correct,-0.30377025121854
sub035,closed,Brodmann area 41,stim500pre,accuracy,incorrect,-0.101930748280396
sub035,closed,Brodmann area 41,stim500pre,accuracy_e,correct_e,-0.359665854081488
sub035,closed,Brodmann area 41,stim500pre,accuracy_e,incorrect_e,-0.101930748280396
sub035,closed,Brodmann area 41,stim500pre,rt,fast,-0.260508832879182
sub035,closed,Brodmann area 41,stim500pre,rt,slow,-0.348516301588113
sub035,closed,Brodmann area 42,stim500pre,accuracy,correct,-0.0106547420472989
sub035,closed,Brodmann area 42,stim500pre,accuracy,incorrect,-0.18258632188813
sub035,closed,Brodmann area 42,stim500pre,accuracy_e,correct_e,-0.0521037191674659
sub035,closed,Brodmann area 42,stim500pre,accuracy_e,incorrect_e,-0.18258632188813
sub035,closed,Brodmann area 42,stim500pre,rt,fast,-0.04508749839554
sub035,closed,Brodmann area 42,stim500pre,rt,slow,0.029124888248683
sub035,closed,Brodmann area 22,stim500pre,accuracy,correct,-0.0232842541836435
sub035,closed,Brodmann area 22,stim500pre,accuracy,incorrect,-0.254682535076648
sub035,closed,Brodmann area 22,stim500pre,accuracy_e,correct_e,-0.139139784660023
sub035,closed,Brodmann area 22,stim500pre,accuracy_e,incorrect_e,-0.254682535076648
sub035,closed,Brodmann area 22,stim500pre,rt,fast,0.0351469834756799
sub035,closed,Brodmann area 22,stim500pre,rt,slow,-0.0851685252752004
sub036,open,Brodmann area 41,stim500pre,accuracy,correct,-0.123785506630446
sub036,open,Brodmann area 41,stim500pre,accuracy,incorrect,-0.222333304108762
sub036,open,Brodmann area 41,stim500pre,accuracy_e,correct_e,0.162311780336115
sub036,open,Brodmann area 41,stim500pre,accuracy_e,incorrect_e,-0.222333304108762
sub036,open,Brodmann area 41,stim500pre,rt,fast,-0.0303783066224359
sub036,open,Brodmann area 41,stim500pre,rt,slow,-0.213809597483142
sub036,open,Brodmann area 42,stim500pre,accuracy,correct,0.0290709069265496
sub036,open,Brodmann area 42,stim500pre,accuracy,incorrect,-0.296522198534376
sub036,open,Brodmann area 42,stim500pre,accuracy_e,correct_e,0.468358831097521
sub036,open,Brodmann area 42,stim500pre,accuracy_e,incorrect_e,-0.296522198534376
sub036,open,Brodmann area 42,stim500pre,rt,fast,0.194114728330887
sub036,open,Brodmann area 42,stim500pre,rt,slow,-0.093440969773084
sub036,open,Brodmann area 22,stim500pre,accuracy,correct,0.153405600576055
sub036,open,Brodmann area 22,stim500pre,accuracy,incorrect,0.0774996520605493
sub036,open,Brodmann area 22,stim500pre,accuracy_e,correct_e,0.605062964820581
sub036,open,Brodmann area 22,stim500pre,accuracy_e,incorrect_e,0.0774996520605493
sub036,open,Brodmann area 22,stim500pre,rt,fast,0.399737849361327
sub036,open,Brodmann area 22,stim500pre,rt,slow,-0.0492643196860455
sub036,closed,Brodmann area 41,stim500pre,accuracy,correct,-0.22263011675687
sub036,closed,Brodmann area 41,stim500pre,accuracy,incorrect,-0.130899458836868
sub036,closed,Brodmann area 41,stim500pre,accuracy_e,correct_e,-0.20073973242974
sub036,closed,Brodmann area 41,stim500pre,accuracy_e,incorrect_e,-0.130899458836868
sub036,closed,Brodmann area 41,stim500pre,rt,fast,-0.135899059846813
sub036,closed,Brodmann area 41,stim500pre,rt,slow,-0.336642846991509
sub036,closed,Brodmann area 42,stim500pre,accuracy,correct,-0.0876178134602593
sub036,closed,Brodmann area 42,stim500pre,accuracy,incorrect,-0.31042620761059
sub036,closed,Brodmann area 42,stim500pre,accuracy_e,correct_e,-0.0879606913136234
sub036,closed,Brodmann area 42,stim500pre,accuracy_e,incorrect_e,-0.31042620761059
sub036,closed,Brodmann area 42,stim500pre,rt,fast,-0.000691089897723761
sub036,closed,Brodmann area 42,stim500pre,rt,slow,-0.182979125309766
sub036,closed,Brodmann area 22,stim500pre,accuracy,correct,-0.0897817277488232
sub036,closed,Brodmann area 22,stim500pre,accuracy,incorrect,-0.170525948543646
sub036,closed,Brodmann area 22,stim500pre,accuracy_e,correct_e,-0.156396392776434
sub036,closed,Brodmann area 22,stim500pre,accuracy_e,incorrect_e,-0.170525948543646
sub036,closed,Brodmann area 22,stim500pre,rt,fast,0.0670429833298644
sub036,closed,Brodmann area 22,stim500pre,rt,slow,-0.248316482177978
sub037,open,Brodmann area 41,stim500pre,accuracy,correct,-0.127785753545368
sub037,open,Brodmann area 41,stim500pre,accuracy,incorrect,-0.469680688234236
sub037,open,Brodmann area 41,stim500pre,accuracy_e,correct_e,-0.117853603062324
sub037,open,Brodmann area 41,stim500pre,accuracy_e,incorrect_e,-0.469680688234236
sub037,open,Brodmann area 41,stim500pre,rt,fast,-0.0514692513943035
sub037,open,Brodmann area 41,stim500pre,rt,slow,-0.214669664144375
sub037,open,Brodmann area 42,stim500pre,accuracy,correct,-0.083618434427482
sub037,open,Brodmann area 42,stim500pre,accuracy,incorrect,-0.554222326259835
sub037,open,Brodmann area 42,stim500pre,accuracy_e,correct_e,0.0605970905027944
sub037,open,Brodmann area 42,stim500pre,accuracy_e,incorrect_e,-0.554222326259835
sub037,open,Brodmann area 42,stim500pre,rt,fast,-0.115233612728561
sub037,open,Brodmann area 42,stim500pre,rt,slow,-0.047847423674211
sub037,open,Brodmann area 22,stim500pre,accuracy,correct,-0.180538389334169
sub037,open,Brodmann area 22,stim500pre,accuracy,incorrect,-0.217768942335076
sub037,open,Brodmann area 22,stim500pre,accuracy_e,correct_e,-0.167288371723848
sub037,open,Brodmann area 22,stim500pre,accuracy_e,incorrect_e,-0.217768942335076
sub037,open,Brodmann area 22,stim500pre,rt,fast,-0.112969290935735
sub037,open,Brodmann area 22,stim500pre,rt,slow,-0.25390768351078
sub037,closed,Brodmann area 41,stim500pre,accuracy,correct,-0.222471944594315
sub037,closed,Brodmann area 41,stim500pre,accuracy,incorrect,-0.376409009727189
sub037,closed,Brodmann area 41,stim500pre,accuracy_e,correct_e,-0.109531677327826
sub037,closed,Brodmann area 41,stim500pre,accuracy_e,incorrect_e,-0.376409009727189
sub037,closed,Brodmann area 41,stim500pre,rt,fast,-0.256212733411239
sub037,closed,Brodmann area 41,stim500pre,rt,slow,-0.151863542998265
sub037,closed,Brodmann area 42,stim500pre,accuracy,correct,-0.343192121935898
sub037,closed,Brodmann area 42,stim500pre,accuracy,incorrect,-0.478994881416155
sub037,closed,Brodmann area 42,stim500pre,accuracy_e,correct_e,-0.319281463187833
sub037,closed,Brodmann area 42,stim500pre,accuracy_e,incorrect_e,-0.478994881416155
sub037,closed,Brodmann area 42,stim500pre,rt,fast,-0.40485952562029
sub037,closed,Brodmann area 42,stim500pre,rt,slow,-0.251926928970669
sub037,closed,Brodmann area 22,stim500pre,accuracy,correct,-0.371513087502509
sub037,closed,Brodmann area 22,stim500pre,accuracy,incorrect,-0.33794678467189
sub037,closed,Brodmann area 22,stim500pre,accuracy_e,correct_e,-0.281420572596904
sub037,closed,Brodmann area 22,stim500pre,accuracy_e,incorrect_e,-0.33794678467189
sub037,closed,Brodmann area 22,stim500pre,rt,fast,-0.477720112760318
sub037,closed,Brodmann area 22,stim500pre,rt,slow,-0.223598839933682
sub039,open,Brodmann area 41,stim500pre,accuracy,correct,-0.0974370617647237
sub039,open,Brodmann area 41,stim500pre,accuracy,incorrect,-0.32534491160622
sub039,open,Brodmann area 41,stim500pre,accuracy_e,correct_e,0.222307134358889
sub039,open,Brodmann area 41,stim500pre,accuracy_e,incorrect_e,-0.32534491160622
sub039,open,Brodmann area 41,stim500pre,rt,fast,-0.0133188536907055
sub039,open,Brodmann area 41,stim500pre,rt,slow,-0.191517309403582
sub039,open,Brodmann area 42,stim500pre,accuracy,correct,-0.0559118547334517
sub039,open,Brodmann area 42,stim500pre,accuracy,incorrect,-0.280590938642669
sub039,open,Brodmann area 42,stim500pre,accuracy_e,correct_e,-0.0713429388328691
sub039,open,Brodmann area 42,stim500pre,accuracy_e,incorrect_e,-0.280590938642669
sub039,open,Brodmann area 42,stim500pre,rt,fast,0.0073657258870433
sub039,open,Brodmann area 42,stim500pre,rt,slow,-0.145126088457523
sub039,open,Brodmann area 22,stim500pre,accuracy,correct,-0.00931397430927665
sub039,open,Brodmann area 22,stim500pre,accuracy,incorrect,-0.408208476706404
sub039,open,Brodmann area 22,stim500pre,accuracy_e,correct_e,0.0562330022455148
sub039,open,Brodmann area 22,stim500pre,accuracy_e,incorrect_e,-0.408208476706404
sub039,open,Brodmann area 22,stim500pre,rt,fast,0.0689680237104104
sub039,open,Brodmann area 22,stim500pre,rt,slow,-0.0954136725117603
sub039,closed,Brodmann area 41,stim500pre,accuracy,correct,-0.104093636920826
sub039,closed,Brodmann area 41,stim500pre,accuracy,incorrect,-0.302736802178119
sub039,closed,Brodmann area 41,stim500pre,accuracy_e,correct_e,0.290544054281397
sub039,closed,Brodmann area 41,stim500pre,accuracy_e,incorrect_e,-0.302736802178119
sub039,closed,Brodmann area 41,stim500pre,rt,fast,-0.213775113200787
sub039,closed,Brodmann area 41,stim500pre,rt,slow,0.0211042319915794
sub039,closed,Brodmann area 42,stim500pre,accuracy,correct,-0.199274198362741
sub039,closed,Brodmann area 42,stim500pre,accuracy,incorrect,0.0730118745866303
sub039,closed,Brodmann area 42,stim500pre,accuracy_e,correct_e,-0.309586573688372
sub039,closed,Brodmann area 42,stim500pre,accuracy_e,incorrect_e,0.0730118745866303
sub039,closed,Brodmann area 42,stim500pre,rt,fast,-0.108433101732473
sub039,closed,Brodmann area 42,stim500pre,rt,slow,-0.295140472340909
sub039,closed,Brodmann area 22,stim500pre,accuracy,correct,-0.12271794409479
sub039,closed,Brodmann area 22,stim500pre,accuracy,incorrect,-0.257237215555362
sub039,closed,Brodmann area 22,stim500pre,accuracy_e,correct_e,0.0493535916021264
sub039,closed,Brodmann area 22,stim500pre,accuracy_e,incorrect_e,-0.257237215555362
sub039,closed,Brodmann area 22,stim500pre,rt,fast,-0.0228271327193402
sub039,closed,Brodmann area 22,stim500pre,rt,slow,-0.206232732842754
