sub,eyes,measure,roi,cond,compare,value
sub001,open,visual power,v1,correct,accuracy,0.256695460850361
sub001,open,visual power,v1,incorrect,accuracy,0.140140157020724
sub001,open,visual power,v1,correct_e,accuracy_e,1.26701021565777
sub001,open,visual power,v1,incorrect_e,accuracy_e,0.140140157020724
sub001,open,visual power,v1,fast,rt,0.172577847085066
sub001,open,visual power,v1,slow,rt,0.385025378358794
sub001,open,somato lateralisation index,max,correct,accuracy,0.113765851718424
sub001,open,somato lateralisation index,max,incorrect,accuracy,-0.0990703694176192
sub001,open,somato lateralisation index,max,correct_e,accuracy_e,0.277219991484507
sub001,open,somato lateralisation index,max,incorrect_e,accuracy_e,-0.0990703694176192
sub001,open,somato lateralisation index,max,fast,rt,0.0976601261832474
sub001,open,somato lateralisation index,max,slow,rt,0.131385215742636
sub001,open,absolute,v1,correct,accuracy,5.26348840274915
sub001,open,absolute,v1,incorrect,accuracy,4.57249708314413
sub001,open,absolute,v1,correct_e,accuracy_e,5.99307503871287
sub001,open,absolute,v1,incorrect_e,accuracy_e,4.57249708314413
sub001,open,absolute,v1,fast,rt,5.11366089323545
sub001,open,absolute,v1,slow,rt,5.41558822092816
sub001,closed,visual power,v1,correct,accuracy,0.00253332402004796
sub001,closed,visual power,v1,incorrect,accuracy,0.165631616305209
sub001,closed,visual power,v1,correct_e,accuracy_e,-0.0909332201241559
sub001,closed,visual power,v1,incorrect_e,accuracy_e,0.165631616305209
sub001,closed,visual power,v1,fast,rt,0.0227863176810585
sub001,closed,visual power,v1,slow,rt,-0.0470261824445699
sub001,closed,somato lateralisation index,max,correct,accuracy,0.116474712987098
sub001,closed,somato lateralisation index,max,incorrect,accuracy,-0.0402754897318217
sub001,closed,somato lateralisation index,max,correct_e,accuracy_e,0.0186332189316883
sub001,closed,somato lateralisation index,max,incorrect_e,accuracy_e,-0.0402754897318217
sub001,closed,somato lateralisation index,max,fast,rt,0.0650040365673261
sub001,closed,somato lateralisation index,max,slow,rt,0.16905514881608
sub001,closed,absolute,v1,correct,accuracy,5.68026343238695
sub001,closed,absolute,v1,incorrect,accuracy,6.45828894514956
sub001,closed,absolute,v1,correct_e,accuracy_e,5.40194972738385
sub001,closed,absolute,v1,incorrect_e,accuracy_e,6.45828894514956
sub001,closed,absolute,v1,fast,rt,5.67995735513046
sub001,closed,absolute,v1,slow,rt,5.62092170408037
sub002,open,visual power,v1,correct,accuracy,-0.0844329284535906
sub002,open,visual power,v1,incorrect,accuracy,-0.0664444373980157
sub002,open,visual power,v1,correct_e,accuracy_e,-0.266159071388594
sub002,open,visual power,v1,incorrect_e,accuracy_e,-0.0664444373980157
sub002,open,visual power,v1,fast,rt,-0.0813635280883746
sub002,open,visual power,v1,slow,rt,-0.0813443395334191
sub002,open,somato lateralisation index,max,correct,accuracy,0.0530937099389035
sub002,open,somato lateralisation index,max,incorrect,accuracy,0.0519628751933836
sub002,open,somato lateralisation index,max,correct_e,accuracy_e,0.0608045440333303
sub002,open,somato lateralisation index,max,incorrect_e,accuracy_e,0.0519628751933836
sub002,open,somato lateralisation index,max,fast,rt,0.0452570682029289
sub002,open,somato lateralisation index,max,slow,rt,0.0608889926002554
sub002,open,absolute,v1,correct,accuracy,1.99496065010713
sub002,open,absolute,v1,incorrect,accuracy,1.59634177306847
sub002,open,absolute,v1,correct_e,accuracy_e,2.04282057372746
sub002,open,absolute,v1,incorrect_e,accuracy_e,1.59634177306847
sub002,open,absolute,v1,fast,rt,1.90188685055098
sub002,open,absolute,v1,slow,rt,2.0836987509311
sub002,closed,visual power,v1,correct,accuracy,0.276603346677143
sub002,closed,visual power,v1,incorrect,accuracy,0.454457643736554
sub002,closed,visual power,v1,correct_e,accuracy_e,0.373812456112699
sub002,closed,visual power,v1,incorrect_e,accuracy_e,0.454457643736554
sub002,closed,visual power,v1,fast,rt,0.394355293863918
sub002,closed,visual power,v1,slow,rt,0.194483133670533
sub002,closed,somato lateralisation index,max,correct,accuracy,0.0534466608034721
sub002,closed,somato lateralisation index,max,incorrect,accuracy,0.069563080212191
sub002,closed,somato lateralisation index,max,correct_e,accuracy_e,0.0278723643359834
sub002,closed,somato lateralisation index,max,incorrect_e,accuracy_e,0.069563080212191
sub002,closed,somato lateralisation index,max,fast,rt,0.0954751774083826
sub002,closed,somato lateralisation index,max,slow,rt,0.0192725170238157
sub002,closed,absolute,v1,correct,accuracy,4.09862945707496
sub002,closed,absolute,v1,incorrect,accuracy,4.16030571518398
sub002,closed,absolute,v1,correct_e,accuracy_e,4.18784072295261
sub002,closed,absolute,v1,incorrect_e,accuracy_e,4.16030571518398
sub002,closed,absolute,v1,fast,rt,4.32126692270268
sub002,closed,absolute,v1,slow,rt,3.91094970351261
sub003,open,visual power,v1,correct,accuracy,0.11755606956434
sub003,open,visual power,v1,incorrect,accuracy,0.370258890134207
sub003,open,visual power,v1,correct_e,accuracy_e,-0.0270817736092745
sub003,open,visual power,v1,incorrect_e,accuracy_e,0.370258890134207
sub003,open,visual power,v1,fast,rt,0.205119880878627
sub003,open,visual power,v1,slow,rt,0.0564558885112029
sub003,open,somato lateralisation index,max,correct,accuracy,0.127488034286152
sub003,open,somato lateralisation index,max,incorrect,accuracy,-0.0642214930018289
sub003,open,somato lateralisation index,max,correct_e,accuracy_e,0.16300956987521
sub003,open,somato lateralisation index,max,incorrect_e,accuracy_e,-0.0642214930018289
sub003,open,somato lateralisation index,max,fast,rt,0.0759451077745364
sub003,open,somato lateralisation index,max,slow,rt,0.191322885088063
sub003,open,absolute,v1,correct,accuracy,3.46126856024409
sub003,open,absolute,v1,incorrect,accuracy,3.50165010020754
sub003,open,absolute,v1,correct_e,accuracy_e,3.25483725240721
sub003,open,absolute,v1,incorrect_e,accuracy_e,3.50165010020754
sub003,open,absolute,v1,fast,rt,3.52875572567943
sub003,open,absolute,v1,slow,rt,3.39288255610498
sub003,closed,visual power,v1,correct,accuracy,-0.044231584934933
sub003,closed,visual power,v1,incorrect,accuracy,-0.067544727925605
sub003,closed,visual power,v1,correct_e,accuracy_e,-0.0847152135921448
sub003,closed,visual power,v1,incorrect_e,accuracy_e,-0.067544727925605
sub003,closed,visual power,v1,fast,rt,-0.138375428325112
sub003,closed,visual power,v1,slow,rt,0.0837640711062605
sub003,closed,somato lateralisation index,max,correct,accuracy,0.0352681867723253
sub003,closed,somato lateralisation index,max,incorrect,accuracy,0.162634983939513
sub003,closed,somato lateralisation index,max,correct_e,accuracy_e,-0.0864445822348903
sub003,closed,somato lateralisation index,max,incorrect_e,accuracy_e,0.162634983939513
sub003,closed,somato lateralisation index,max,fast,rt,-0.0753890219431383
sub003,closed,somato lateralisation index,max,slow,rt,0.15171429593865
sub003,closed,absolute,v1,correct,accuracy,4.31689702251474
sub003,closed,absolute,v1,incorrect,accuracy,4.21370895871432
sub003,closed,absolute,v1,correct_e,accuracy_e,4.1220120795935
sub003,closed,absolute,v1,incorrect_e,accuracy_e,4.21370895871432
sub003,closed,absolute,v1,fast,rt,4.397258685273
sub003,closed,absolute,v1,slow,rt,4.25032502447722
sub004,open,visual power,v1,correct,accuracy,0.164705292156715
sub004,open,visual power,v1,incorrect,accuracy,0.308141078895465
sub004,open,visual power,v1,correct_e,accuracy_e,0.43701273094566
sub004,open,visual power,v1,incorrect_e,accuracy_e,0.308141078895465
sub004,open,visual power,v1,fast,rt,0.230281257093616
sub004,open,visual power,v1,slow,rt,0.0857577171978728
sub004,open,somato lateralisation index,max,correct,accuracy,0.173750778583038
sub004,open,somato lateralisation index,max,incorrect,accuracy,0.158517208359037
sub004,open,somato lateralisation index,max,correct_e,accuracy_e,0.225062979770082
sub004,open,somato lateralisation index,max,incorrect_e,accuracy_e,0.158517208359037
sub004,open,somato lateralisation index,max,fast,rt,0.335529460300025
sub004,open,somato lateralisation index,max,slow,rt,0.0333774454381815
sub004,open,absolute,v1,correct,accuracy,3.40599231223788
sub004,open,absolute,v1,incorrect,accuracy,3.5277517988091
sub004,open,absolute,v1,correct_e,accuracy_e,3.62849061260052
sub004,open,absolute,v1,incorrect_e,accuracy_e,3.5277517988091
sub004,open,absolute,v1,fast,rt,3.50903830666467
sub004,open,absolute,v1,slow,rt,3.28281519824516
sub004,closed,visual power,v1,correct,accuracy,0.269451062401119
sub004,closed,visual power,v1,incorrect,accuracy,0.224443744944508
sub004,closed,visual power,v1,correct_e,accuracy_e,0.049828559161316
sub004,closed,visual power,v1,incorrect_e,accuracy_e,0.224443744944508
sub004,closed,visual power,v1,fast,rt,0.329612652385722
sub004,closed,visual power,v1,slow,rt,0.218766658025604
sub004,closed,somato lateralisation index,max,correct,accuracy,0.108776725892975
sub004,closed,somato lateralisation index,max,incorrect,accuracy,0.134220748830475
sub004,closed,somato lateralisation index,max,correct_e,accuracy_e,0.202062932909865
sub004,closed,somato lateralisation index,max,incorrect_e,accuracy_e,0.134220748830475
sub004,closed,somato lateralisation index,max,fast,rt,0.062625836986797
sub004,closed,somato lateralisation index,max,slow,rt,0.167073492704086
sub004,closed,absolute,v1,correct,accuracy,5.43929780749941
sub004,closed,absolute,v1,incorrect,accuracy,4.76879210140911
sub004,closed,absolute,v1,correct_e,accuracy_e,5.172519543972
sub004,closed,absolute,v1,incorrect_e,accuracy_e,4.76879210140911
sub004,closed,absolute,v1,fast,rt,5.29504814485328
sub004,closed,absolute,v1,slow,rt,5.59075820447787
sub005,open,visual power,v1,correct,accuracy,0.359360152332539
sub005,open,visual power,v1,incorrect,accuracy,0.170344293045045
sub005,open,visual power,v1,correct_e,accuracy_e,0.351271498526656
sub005,open,visual power,v1,incorrect_e,accuracy_e,0.170344293045045
sub005,open,visual power,v1,fast,rt,0.320277887748266
sub005,open,visual power,v1,slow,rt,0.413594499589697
sub005,open,somato lateralisation index,max,correct,accuracy,-0.0156756583672462
sub005,open,somato lateralisation index,max,incorrect,accuracy,0.0946177673503835
sub005,open,somato lateralisation index,max,correct_e,accuracy_e,-0.015178130531498
sub005,open,somato lateralisation index,max,incorrect_e,accuracy_e,0.0946177673503835
sub005,open,somato lateralisation index,max,fast,rt,0.0729636667222677
sub005,open,somato lateralisation index,max,slow,rt,-0.113030582835699
sub005,open,absolute,v1,correct,accuracy,3.17954739242111
sub005,open,absolute,v1,incorrect,accuracy,2.92500661662733
sub005,open,absolute,v1,correct_e,accuracy_e,3.16797422538754
sub005,open,absolute,v1,incorrect_e,accuracy_e,2.92500661662733
sub005,open,absolute,v1,fast,rt,3.2620941335778
sub005,open,absolute,v1,slow,rt,3.07857821116366
sub005,closed,visual power,v1,correct,accuracy,-0.353222437106898
sub005,closed,visual power,v1,incorrect,accuracy,-0.385921518865889
sub005,closed,visual power,v1,correct_e,accuracy_e,-0.311839309546887
sub005,closed,visual power,v1,incorrect_e,accuracy_e,-0.385921518865889
sub005,closed,visual power,v1,fast,rt,-0.336670644249783
sub005,closed,visual power,v1,slow,rt,-0.361239077689361
sub005,closed,somato lateralisation index,max,correct,accuracy,-0.064780105373776
sub005,closed,somato lateralisation index,max,incorrect,accuracy,0.0102481863617995
sub005,closed,somato lateralisation index,max,correct_e,accuracy_e,-0.131481043714117
sub005,closed,somato lateralisation index,max,incorrect_e,accuracy_e,0.0102481863617995
sub005,closed,somato lateralisation index,max,fast,rt,-0.0509037701591237
sub005,closed,somato lateralisation index,max,slow,rt,-0.08264719357399
sub005,closed,absolute,v1,correct,accuracy,4.96610713863478
sub005,closed,absolute,v1,incorrect,accuracy,4.73744101394342
sub005,closed,absolute,v1,correct_e,accuracy_e,5.13409930080156
sub005,closed,absolute,v1,incorrect_e,accuracy_e,4.73744101394342
sub005,closed,absolute,v1,fast,rt,4.97062142759019
sub005,closed,absolute,v1,slow,rt,4.97027138547572
sub006,open,visual power,v1,correct,accuracy,0.487031120950669
sub006,open,visual power,v1,incorrect,accuracy,0.288368081263285
sub006,open,visual power,v1,correct_e,accuracy_e,0.487024073603515
sub006,open,visual power,v1,incorrect_e,accuracy_e,0.288368081263285
sub006,open,visual power,v1,fast,rt,0.478534436891966
sub006,open,visual power,v1,slow,rt,0.544498235459422
sub006,open,somato lateralisation index,max,correct,accuracy,0.105040590774998
sub006,open,somato lateralisation index,max,incorrect,accuracy,0.196580259989556
sub006,open,somato lateralisation index,max,correct_e,accuracy_e,0.118473955801606
sub006,open,somato lateralisation index,max,incorrect_e,accuracy_e,0.196580259989556
sub006,open,somato lateralisation index,max,fast,rt,0.117339580418109
sub006,open,somato lateralisation index,max,slow,rt,0.0897359319307608
sub006,open,absolute,v1,correct,accuracy,2.97685271093804
sub006,open,absolute,v1,incorrect,accuracy,2.66652932714173
sub006,open,absolute,v1,correct_e,accuracy_e,3.16709246540581
sub006,open,absolute,v1,incorrect_e,accuracy_e,2.66652932714173
sub006,open,absolute,v1,fast,rt,3.04696479318826
sub006,open,absolute,v1,slow,rt,2.92690061567302
sub006,closed,visual power,v1,correct,accuracy,0.0564690879812336
sub006,closed,visual power,v1,incorrect,accuracy,0.0702327913181204
sub006,closed,visual power,v1,correct_e,accuracy_e,0.118182636447558
sub006,closed,visual power,v1,incorrect_e,accuracy_e,0.0702327913181204
sub006,closed,visual power,v1,fast,rt,-0.0754290486695909
sub006,closed,visual power,v1,slow,rt,0.208178607175362
sub006,closed,somato lateralisation index,max,correct,accuracy,0.143329957121322
sub006,closed,somato lateralisation index,max,incorrect,accuracy,0.210408937693959
sub006,closed,somato lateralisation index,max,correct_e,accuracy_e,0.300344009647631
sub006,closed,somato lateralisation index,max,incorrect_e,accuracy_e,0.210408937693959
sub006,closed,somato lateralisation index,max,fast,rt,0.142894265334307
sub006,closed,somato lateralisation index,max,slow,rt,0.143677550242773
sub006,closed,absolute,v1,correct,accuracy,3.85106164008548
sub006,closed,absolute,v1,incorrect,accuracy,4.10566284138434
sub006,closed,absolute,v1,correct_e,accuracy_e,3.9686758052194
sub006,closed,absolute,v1,incorrect_e,accuracy_e,4.10566284138434
sub006,closed,absolute,v1,fast,rt,3.70302322121909
sub006,closed,absolute,v1,slow,rt,3.99151731623319
sub007,open,visual power,v1,correct,accuracy,-0.184221212739322
sub007,open,visual power,v1,incorrect,accuracy,-0.213911266279616
sub007,open,visual power,v1,correct_e,accuracy_e,-0.21837077774411
sub007,open,visual power,v1,incorrect_e,accuracy_e,-0.213911266279616
sub007,open,visual power,v1,fast,rt,-0.228726564464535
sub007,open,visual power,v1,slow,rt,-0.128823805880416
sub007,open,somato lateralisation index,max,correct,accuracy,-0.0140895054450588
sub007,open,somato lateralisation index,max,incorrect,accuracy,-0.0717402278103742
sub007,open,somato lateralisation index,max,correct_e,accuracy_e,-0.0389663868898317
sub007,open,somato lateralisation index,max,incorrect_e,accuracy_e,-0.0717402278103742
sub007,open,somato lateralisation index,max,fast,rt,-0.0212566011591255
sub007,open,somato lateralisation index,max,slow,rt,-0.0136145981786135
sub007,open,absolute,v1,correct,accuracy,1.28404143913717
sub007,open,absolute,v1,incorrect,accuracy,1.24484657770093
sub007,open,absolute,v1,correct_e,accuracy_e,1.20452409506877
sub007,open,absolute,v1,incorrect_e,accuracy_e,1.24484657770093
sub007,open,absolute,v1,fast,rt,1.25924938577734
sub007,open,absolute,v1,slow,rt,1.32440989409044
sub007,closed,visual power,v1,correct,accuracy,-0.582124563251849
sub007,closed,visual power,v1,incorrect,accuracy,-0.518681636921164
sub007,closed,visual power,v1,correct_e,accuracy_e,-0.543275428495658
sub007,closed,visual power,v1,incorrect_e,accuracy_e,-0.518681636921164
sub007,closed,visual power,v1,fast,rt,-0.586465051933472
sub007,closed,visual power,v1,slow,rt,-0.578642772158187
sub007,closed,somato lateralisation index,max,correct,accuracy,0.121875156104048
sub007,closed,somato lateralisation index,max,incorrect,accuracy,0.00815300585444046
sub007,closed,somato lateralisation index,max,correct_e,accuracy_e,0.112128291237502
sub007,closed,somato lateralisation index,max,incorrect_e,accuracy_e,0.00815300585444046
sub007,closed,somato lateralisation index,max,fast,rt,0.0547737994967466
sub007,closed,somato lateralisation index,max,slow,rt,0.208573938378399
sub007,closed,absolute,v1,correct,accuracy,1.58532969771161
sub007,closed,absolute,v1,incorrect,accuracy,1.57674308589922
sub007,closed,absolute,v1,correct_e,accuracy_e,1.70303504914474
sub007,closed,absolute,v1,incorrect_e,accuracy_e,1.57674308589922
sub007,closed,absolute,v1,fast,rt,1.73798267160628
sub007,closed,absolute,v1,slow,rt,1.4545574712925
sub008,open,visual power,v1,correct,accuracy,0.130585783067878
sub008,open,visual power,v1,incorrect,accuracy,-0.145514775205982
sub008,open,visual power,v1,correct_e,accuracy_e,0.451643230423719
sub008,open,visual power,v1,incorrect_e,accuracy_e,-0.145514775205982
sub008,open,visual power,v1,fast,rt,-0.0599540539504433
sub008,open,visual power,v1,slow,rt,0.387308251454402
sub008,open,somato lateralisation index,max,correct,accuracy,0.0456451010792346
sub008,open,somato lateralisation index,max,incorrect,accuracy,0.198838020843568
sub008,open,somato lateralisation index,max,correct_e,accuracy_e,0.000708324061341875
sub008,open,somato lateralisation index,max,incorrect_e,accuracy_e,0.198838020843568
sub008,open,somato lateralisation index,max,fast,rt,0.148490687364674
sub008,open,somato lateralisation index,max,slow,rt,-0.061694483585301
sub008,open,absolute,v1,correct,accuracy,3.88534957742556
sub008,open,absolute,v1,incorrect,accuracy,3.58093389841068
sub008,open,absolute,v1,correct_e,accuracy_e,4.26305697788937
sub008,open,absolute,v1,incorrect_e,accuracy_e,3.58093389841068
sub008,open,absolute,v1,fast,rt,3.84912831225621
sub008,open,absolute,v1,slow,rt,3.91901877553378
sub008,closed,visual power,v1,correct,accuracy,-0.201280070816227
sub008,closed,visual power,v1,incorrect,accuracy,-0.462195741074989
sub008,closed,visual power,v1,correct_e,accuracy_e,-0.499790831565491
sub008,closed,visual power,v1,incorrect_e,accuracy_e,-0.462195741074989
sub008,closed,visual power,v1,fast,rt,-0.190995715014069
sub008,closed,visual power,v1,slow,rt,-0.210166763528976
sub008,closed,somato lateralisation index,max,correct,accuracy,-0.00571908917527962
sub008,closed,somato lateralisation index,max,incorrect,accuracy,-0.0368469693880053
sub008,closed,somato lateralisation index,max,correct_e,accuracy_e,-0.214228159351402
sub008,closed,somato lateralisation index,max,incorrect_e,accuracy_e,-0.0368469693880053
sub008,closed,somato lateralisation index,max,fast,rt,-0.0184770796595091
sub008,closed,somato lateralisation index,max,slow,rt,0.0141680937198292
sub008,closed,absolute,v1,correct,accuracy,4.44558497419947
sub008,closed,absolute,v1,incorrect,accuracy,3.55204235494908
sub008,closed,absolute,v1,correct_e,accuracy_e,4.42170878849894
sub008,closed,absolute,v1,incorrect_e,accuracy_e,3.55204235494908
sub008,closed,absolute,v1,fast,rt,4.67119655303059
sub008,closed,absolute,v1,slow,rt,4.22758165827053
sub009,open,visual power,v1,correct,accuracy,-0.068255971359051
sub009,open,visual power,v1,incorrect,accuracy,-0.159692451007367
sub009,open,visual power,v1,correct_e,accuracy_e,0.0331803431954961
sub009,open,visual power,v1,incorrect_e,accuracy_e,-0.159692451007367
sub009,open,visual power,v1,fast,rt,-0.151980578792565
sub009,open,visual power,v1,slow,rt,0.0115877904655562
sub009,open,somato lateralisation index,max,correct,accuracy,0.142744686144908
sub009,open,somato lateralisation index,max,incorrect,accuracy,0.371775607356203
sub009,open,somato lateralisation index,max,correct_e,accuracy_e,0.0386772301268433
sub009,open,somato lateralisation index,max,incorrect_e,accuracy_e,0.371775607356203
sub009,open,somato lateralisation index,max,fast,rt,0.13861339014049
sub009,open,somato lateralisation index,max,slow,rt,0.178197938358072
sub009,open,absolute,v1,correct,accuracy,4.68235216359311
sub009,open,absolute,v1,incorrect,accuracy,4.44263029520529
sub009,open,absolute,v1,correct_e,accuracy_e,4.69046013127616
sub009,open,absolute,v1,incorrect_e,accuracy_e,4.44263029520529
sub009,open,absolute,v1,fast,rt,4.7441203204219
sub009,open,absolute,v1,slow,rt,4.64019146572804
sub009,closed,visual power,v1,correct,accuracy,-0.0673147246599926
sub009,closed,visual power,v1,incorrect,accuracy,-0.0483159285399389
sub009,closed,visual power,v1,correct_e,accuracy_e,0.0274158462751294
sub009,closed,visual power,v1,incorrect_e,accuracy_e,-0.0483159285399389
sub009,closed,visual power,v1,fast,rt,-0.134549942953452
sub009,closed,visual power,v1,slow,rt,0.0180592814894858
sub009,closed,somato lateralisation index,max,correct,accuracy,0.164804909153463
sub009,closed,somato lateralisation index,max,incorrect,accuracy,0.0620142790444136
sub009,closed,somato lateralisation index,max,correct_e,accuracy_e,0.109962802237912
sub009,closed,somato lateralisation index,max,incorrect_e,accuracy_e,0.0620142790444136
sub009,closed,somato lateralisation index,max,fast,rt,0.243106770090366
sub009,closed,somato lateralisation index,max,slow,rt,0.0844227237161372
sub009,closed,absolute,v1,correct,accuracy,4.14666726343302
sub009,closed,absolute,v1,incorrect,accuracy,4.05872404443135
sub009,closed,absolute,v1,correct_e,accuracy_e,4.32608172171427
sub009,closed,absolute,v1,incorrect_e,accuracy_e,4.05872404443135
sub009,closed,absolute,v1,fast,rt,4.01071348317419
sub009,closed,absolute,v1,slow,rt,4.30921076062183
sub010,open,visual power,v1,correct,accuracy,0.305025318679374
sub010,open,visual power,v1,incorrect,accuracy,0.133513071388122
sub010,open,visual power,v1,correct_e,accuracy_e,0.503101191273121
sub010,open,visual power,v1,incorrect_e,accuracy_e,0.133513071388122
sub010,open,visual power,v1,fast,rt,0.474092299042971
sub010,open,visual power,v1,slow,rt,0.133541116560062
sub010,open,somato lateralisation index,max,correct,accuracy,0.281954357340456
sub010,open,somato lateralisation index,max,incorrect,accuracy,0.493101518644054
sub010,open,somato lateralisation index,max,correct_e,accuracy_e,0.349616168641821
sub010,open,somato lateralisation index,max,incorrect_e,accuracy_e,0.493101518644054
sub010,open,somato lateralisation index,max,fast,rt,0.262069374835007
sub010,open,somato lateralisation index,max,slow,rt,0.305415550571632
sub010,open,absolute,v1,correct,accuracy,5.04682794675657
sub010,open,absolute,v1,incorrect,accuracy,4.8747779277859
sub010,open,absolute,v1,correct_e,accuracy_e,5.1339525542159
sub010,open,absolute,v1,incorrect_e,accuracy_e,4.8747779277859
sub010,open,absolute,v1,fast,rt,5.30732378478333
sub010,open,absolute,v1,slow,rt,4.73995928636324
sub010,closed,visual power,v1,correct,accuracy,-0.273763800592731
sub010,closed,visual power,v1,incorrect,accuracy,-0.139248289620225
sub010,closed,visual power,v1,correct_e,accuracy_e,-0.311554196658141
sub010,closed,visual power,v1,incorrect_e,accuracy_e,-0.139248289620225
sub010,closed,visual power,v1,fast,rt,-0.347186988935922
sub010,closed,visual power,v1,slow,rt,-0.184206820994289
sub010,closed,somato lateralisation index,max,correct,accuracy,0.711474706395502
sub010,closed,somato lateralisation index,max,incorrect,accuracy,-0.0914016515156707
sub010,closed,somato lateralisation index,max,correct_e,accuracy_e,0.30946833834187
sub010,closed,somato lateralisation index,max,incorrect_e,accuracy_e,-0.0914016515156707
sub010,closed,somato lateralisation index,max,fast,rt,0.69905883640201
sub010,closed,somato lateralisation index,max,slow,rt,0.730576719396621
sub010,closed,absolute,v1,correct,accuracy,6.30054084907153
sub010,closed,absolute,v1,incorrect,accuracy,6.45450597354546
sub010,closed,absolute,v1,correct_e,accuracy_e,6.25550300387712
sub010,closed,absolute,v1,incorrect_e,accuracy_e,6.45450597354546
sub010,closed,absolute,v1,fast,rt,6.24616948329765
sub010,closed,absolute,v1,slow,rt,6.35453104637341
sub012,open,visual power,v1,correct,accuracy,0.123706814132823
sub012,open,visual power,v1,incorrect,accuracy,0.52451171649056
sub012,open,visual power,v1,correct_e,accuracy_e,-0.0975239298439885
sub012,open,visual power,v1,incorrect_e,accuracy_e,0.52451171649056
sub012,open,visual power,v1,fast,rt,0.0981086713639251
sub012,open,visual power,v1,slow,rt,0.154075254130443
sub012,open,somato lateralisation index,max,correct,accuracy,0.170766603140905
sub012,open,somato lateralisation index,max,incorrect,accuracy,0.0326838923747592
sub012,open,somato lateralisation index,max,correct_e,accuracy_e,0.0331618137452046
sub012,open,somato lateralisation index,max,incorrect_e,accuracy_e,0.0326838923747592
sub012,open,somato lateralisation index,max,fast,rt,0.182480239114852
sub012,open,somato lateralisation index,max,slow,rt,0.16077717194933
sub012,open,absolute,v1,correct,accuracy,4.49389350358134
sub012,open,absolute,v1,incorrect,accuracy,4.56234421365882
sub012,open,absolute,v1,correct_e,accuracy_e,4.02114659699817
sub012,open,absolute,v1,incorrect_e,accuracy_e,4.56234421365882
sub012,open,absolute,v1,fast,rt,4.64716643812095
sub012,open,absolute,v1,slow,rt,4.33258775975768
sub012,closed,visual power,v1,correct,accuracy,-0.0351800008447983
sub012,closed,visual power,v1,incorrect,accuracy,-0.157202545317061
sub012,closed,visual power,v1,correct_e,accuracy_e,0.299370060326933
sub012,closed,visual power,v1,incorrect_e,accuracy_e,-0.157202545317061
sub012,closed,visual power,v1,fast,rt,-0.0799405452546356
sub012,closed,visual power,v1,slow,rt,0.0124445110073025
sub012,closed,somato lateralisation index,max,correct,accuracy,0.0855104253087249
sub012,closed,somato lateralisation index,max,incorrect,accuracy,0.186953794861165
sub012,closed,somato lateralisation index,max,correct_e,accuracy_e,0.446457182053573
sub012,closed,somato lateralisation index,max,incorrect_e,accuracy_e,0.186953794861165
sub012,closed,somato lateralisation index,max,fast,rt,0.117332598982292
sub012,closed,somato lateralisation index,max,slow,rt,0.0530066348531584
sub012,closed,absolute,v1,correct,accuracy,5.5751347566279
sub012,closed,absolute,v1,incorrect,accuracy,5.22659124427327
sub012,closed,absolute,v1,correct_e,accuracy_e,5.98291916691173
sub012,closed,absolute,v1,incorrect_e,accuracy_e,5.22659124427327
sub012,closed,absolute,v1,fast,rt,5.42240647595368
sub012,closed,absolute,v1,slow,rt,5.73348023533813
sub017,open,visual power,v1,correct,accuracy,0.048410193660878
sub017,open,visual power,v1,incorrect,accuracy,0.318356976526002
sub017,open,visual power,v1,correct_e,accuracy_e,0.123730804174549
sub017,open,visual power,v1,incorrect_e,accuracy_e,0.318356976526002
sub017,open,visual power,v1,fast,rt,-0.0312872930793158
sub017,open,visual power,v1,slow,rt,0.13272413757962
sub017,open,somato lateralisation index,max,correct,accuracy,0.194380047212108
sub017,open,somato lateralisation index,max,incorrect,accuracy,0.232233010697731
sub017,open,somato lateralisation index,max,correct_e,accuracy_e,0.172533806839582
sub017,open,somato lateralisation index,max,incorrect_e,accuracy_e,0.232233010697731
sub017,open,somato lateralisation index,max,fast,rt,0.397371573170014
sub017,open,somato lateralisation index,max,slow,rt,0.0397186665349521
sub017,open,absolute,v1,correct,accuracy,3.63779659187996
sub017,open,absolute,v1,incorrect,accuracy,3.17989817068302
sub017,open,absolute,v1,correct_e,accuracy_e,3.7546799635559
sub017,open,absolute,v1,incorrect_e,accuracy_e,3.17989817068302
sub017,open,absolute,v1,fast,rt,3.6711019085511
sub017,open,absolute,v1,slow,rt,3.62438013045478
sub017,closed,visual power,v1,correct,accuracy,-0.176878070626518
sub017,closed,visual power,v1,incorrect,accuracy,-0.242370313284205
sub017,closed,visual power,v1,correct_e,accuracy_e,-0.0639352322979398
sub017,closed,visual power,v1,incorrect_e,accuracy_e,-0.242370313284205
sub017,closed,visual power,v1,fast,rt,-0.251179096356904
sub017,closed,visual power,v1,slow,rt,-0.0850132984713187
sub017,closed,somato lateralisation index,max,correct,accuracy,0.203162921609643
sub017,closed,somato lateralisation index,max,incorrect,accuracy,0.280119938487348
sub017,closed,somato lateralisation index,max,correct_e,accuracy_e,0.252626276082994
sub017,closed,somato lateralisation index,max,incorrect_e,accuracy_e,0.280119938487348
sub017,closed,somato lateralisation index,max,fast,rt,0.182516398758188
sub017,closed,somato lateralisation index,max,slow,rt,0.228631378104492
sub017,closed,absolute,v1,correct,accuracy,4.89481649296109
sub017,closed,absolute,v1,incorrect,accuracy,4.52938472892787
sub017,closed,absolute,v1,correct_e,accuracy_e,4.79993445227992
sub017,closed,absolute,v1,incorrect_e,accuracy_e,4.52938472892787
sub017,closed,absolute,v1,fast,rt,4.68194464778488
sub017,closed,absolute,v1,slow,rt,5.12179598800923
sub018,open,visual power,v1,correct,accuracy,-0.192852669363021
sub018,open,visual power,v1,incorrect,accuracy,-0.215494659912259
sub018,open,visual power,v1,correct_e,accuracy_e,-0.222937908736118
sub018,open,visual power,v1,incorrect_e,accuracy_e,-0.215494659912259
sub018,open,visual power,v1,fast,rt,-0.15078624142957
sub018,open,visual power,v1,slow,rt,-0.231610394660025
sub018,open,somato lateralisation index,max,correct,accuracy,0.0742450760527197
sub018,open,somato lateralisation index,max,incorrect,accuracy,0.14992554212249
sub018,open,somato lateralisation index,max,correct_e,accuracy_e,0.112299340521583
sub018,open,somato lateralisation index,max,incorrect_e,accuracy_e,0.14992554212249
sub018,open,somato lateralisation index,max,fast,rt,0.208579676135417
sub018,open,somato lateralisation index,max,slow,rt,-0.0660122340816353
sub018,open,absolute,v1,correct,accuracy,3.38320983300896
sub018,open,absolute,v1,incorrect,accuracy,2.9749106978085
sub018,open,absolute,v1,correct_e,accuracy_e,3.41329732329461
sub018,open,absolute,v1,incorrect_e,accuracy_e,2.9749106978085
sub018,open,absolute,v1,fast,rt,3.3233350703364
sub018,open,absolute,v1,slow,rt,3.44643618150131
sub018,closed,visual power,v1,correct,accuracy,-0.00318266747225049
sub018,closed,visual power,v1,incorrect,accuracy,-0.1783456987133
sub018,closed,visual power,v1,correct_e,accuracy_e,0.0374917935552997
sub018,closed,visual power,v1,incorrect_e,accuracy_e,-0.1783456987133
sub018,closed,visual power,v1,fast,rt,-0.0218562035423845
sub018,closed,visual power,v1,slow,rt,-0.0170642038272869
sub018,closed,somato lateralisation index,max,correct,accuracy,-0.0687628426976721
sub018,closed,somato lateralisation index,max,incorrect,accuracy,0.0025328563997616
sub018,closed,somato lateralisation index,max,correct_e,accuracy_e,-0.125654567289119
sub018,closed,somato lateralisation index,max,incorrect_e,accuracy_e,0.0025328563997616
sub018,closed,somato lateralisation index,max,fast,rt,-0.0844987375770554
sub018,closed,somato lateralisation index,max,slow,rt,-0.0644686616930133
sub018,closed,absolute,v1,correct,accuracy,2.5502436886505
sub018,closed,absolute,v1,incorrect,accuracy,2.26684529674721
sub018,closed,absolute,v1,correct_e,accuracy_e,2.60946820424701
sub018,closed,absolute,v1,incorrect_e,accuracy_e,2.26684529674721
sub018,closed,absolute,v1,fast,rt,2.34825700448115
sub018,closed,absolute,v1,slow,rt,2.73434317235714
sub020,open,visual power,v1,correct,accuracy,0.0427147834687953
sub020,open,visual power,v1,incorrect,accuracy,0.0448612790715083
sub020,open,visual power,v1,correct_e,accuracy_e,0.100393785694673
sub020,open,visual power,v1,incorrect_e,accuracy_e,0.0448612790715083
sub020,open,visual power,v1,fast,rt,0.0555215571776244
sub020,open,visual power,v1,slow,rt,0.0324772768220069
sub020,open,somato lateralisation index,max,correct,accuracy,0.296941228443357
sub020,open,somato lateralisation index,max,incorrect,accuracy,0.266841193126152
sub020,open,somato lateralisation index,max,correct_e,accuracy_e,0.335556721300592
sub020,open,somato lateralisation index,max,incorrect_e,accuracy_e,0.266841193126152
sub020,open,somato lateralisation index,max,fast,rt,0.315506889015189
sub020,open,somato lateralisation index,max,slow,rt,0.285605578888088
sub020,open,absolute,v1,correct,accuracy,3.50471434972451
sub020,open,absolute,v1,incorrect,accuracy,3.64337379932494
sub020,open,absolute,v1,correct_e,accuracy_e,3.52322507991415
sub020,open,absolute,v1,incorrect_e,accuracy_e,3.64337379932494
sub020,open,absolute,v1,fast,rt,3.54568275261324
sub020,open,absolute,v1,slow,rt,3.47416326137282
sub020,closed,visual power,v1,correct,accuracy,-0.190412322863107
sub020,closed,visual power,v1,incorrect,accuracy,-0.271035241343274
sub020,closed,visual power,v1,correct_e,accuracy_e,-0.255750401228419
sub020,closed,visual power,v1,incorrect_e,accuracy_e,-0.271035241343274
sub020,closed,visual power,v1,fast,rt,-0.0663563483601654
sub020,closed,visual power,v1,slow,rt,-0.299910797238105
sub020,closed,somato lateralisation index,max,correct,accuracy,0.0962584521308197
sub020,closed,somato lateralisation index,max,incorrect,accuracy,0.200922297718403
sub020,closed,somato lateralisation index,max,correct_e,accuracy_e,0.0387574224268876
sub020,closed,somato lateralisation index,max,incorrect_e,accuracy_e,0.200922297718403
sub020,closed,somato lateralisation index,max,fast,rt,0.0483084995660511
sub020,closed,somato lateralisation index,max,slow,rt,0.138960889516968
sub020,closed,absolute,v1,correct,accuracy,4.2217436935687
sub020,closed,absolute,v1,incorrect,accuracy,3.48390644001147
sub020,closed,absolute,v1,correct_e,accuracy_e,4.36969675429699
sub020,closed,absolute,v1,incorrect_e,accuracy_e,3.48390644001147
sub020,closed,absolute,v1,fast,rt,4.37699132403823
sub020,closed,absolute,v1,slow,rt,3.99652256696677
sub021,open,visual power,v1,correct,accuracy,0.499877925971978
sub021,open,visual power,v1,incorrect,accuracy,0.400825441707892
sub021,open,visual power,v1,correct_e,accuracy_e,0.520042202759771
sub021,open,visual power,v1,incorrect_e,accuracy_e,0.400825441707892
sub021,open,visual power,v1,fast,rt,0.399014069428386
sub021,open,visual power,v1,slow,rt,0.60039610676742
sub021,open,somato lateralisation index,max,correct,accuracy,0.107403194282879
sub021,open,somato lateralisation index,max,incorrect,accuracy,0.118387013611974
sub021,open,somato lateralisation index,max,correct_e,accuracy_e,0.187513112585781
sub021,open,somato lateralisation index,max,incorrect_e,accuracy_e,0.118387013611974
sub021,open,somato lateralisation index,max,fast,rt,0.0959869779670296
sub021,open,somato lateralisation index,max,slow,rt,0.119687712804775
sub021,open,absolute,v1,correct,accuracy,4.61023251322517
sub021,open,absolute,v1,incorrect,accuracy,4.59455622780595
sub021,open,absolute,v1,correct_e,accuracy_e,4.83481872858445
sub021,open,absolute,v1,incorrect_e,accuracy_e,4.59455622780595
sub021,open,absolute,v1,fast,rt,4.51484363998282
sub021,open,absolute,v1,slow,rt,4.71003373480348
sub021,closed,visual power,v1,correct,accuracy,0.1307620420346
sub021,closed,visual power,v1,incorrect,accuracy,-0.06054691576616
sub021,closed,visual power,v1,correct_e,accuracy_e,0.201917172912542
sub021,closed,visual power,v1,incorrect_e,accuracy_e,-0.06054691576616
sub021,closed,visual power,v1,fast,rt,0.00174094582971686
sub021,closed,visual power,v1,slow,rt,0.299092018806939
sub021,closed,somato lateralisation index,max,correct,accuracy,0.0306316460047324
sub021,closed,somato lateralisation index,max,incorrect,accuracy,0.0915341549168773
sub021,closed,somato lateralisation index,max,correct_e,accuracy_e,0.0422613684560237
sub021,closed,somato lateralisation index,max,incorrect_e,accuracy_e,0.0915341549168773
sub021,closed,somato lateralisation index,max,fast,rt,-0.0390196311812136
sub021,closed,somato lateralisation index,max,slow,rt,0.101836645387803
sub021,closed,absolute,v1,correct,accuracy,5.66241446721994
sub021,closed,absolute,v1,incorrect,accuracy,5.13942728856165
sub021,closed,absolute,v1,correct_e,accuracy_e,5.69251474147056
sub021,closed,absolute,v1,incorrect_e,accuracy_e,5.13942728856165
sub021,closed,absolute,v1,fast,rt,5.81310348300639
sub021,closed,absolute,v1,slow,rt,5.50224100294067
sub022,open,visual power,v1,correct,accuracy,0.672080549413078
sub022,open,visual power,v1,incorrect,accuracy,0.391967638300831
sub022,open,visual power,v1,correct_e,accuracy_e,0.900673599445036
sub022,open,visual power,v1,incorrect_e,accuracy_e,0.391967638300831
sub022,open,visual power,v1,fast,rt,0.946835688790614
sub022,open,visual power,v1,slow,rt,0.436776682439751
sub022,open,somato lateralisation index,max,correct,accuracy,0.34671427647014
sub022,open,somato lateralisation index,max,incorrect,accuracy,0.245628696232261
sub022,open,somato lateralisation index,max,correct_e,accuracy_e,0.313647936329925
sub022,open,somato lateralisation index,max,incorrect_e,accuracy_e,0.245628696232261
sub022,open,somato lateralisation index,max,fast,rt,0.164365930168199
sub022,open,somato lateralisation index,max,slow,rt,0.448485830404103
sub022,open,absolute,v1,correct,accuracy,3.82506519636651
sub022,open,absolute,v1,incorrect,accuracy,3.67079937865123
sub022,open,absolute,v1,correct_e,accuracy_e,4.01549452830938
sub022,open,absolute,v1,incorrect_e,accuracy_e,3.67079937865123
sub022,open,absolute,v1,fast,rt,4.00857571016211
sub022,open,absolute,v1,slow,rt,3.63211141663815
sub022,closed,visual power,v1,correct,accuracy,0.0992821874443353
sub022,closed,visual power,v1,incorrect,accuracy,-0.176642052267246
sub022,closed,visual power,v1,correct_e,accuracy_e,0.0456062501523264
sub022,closed,visual power,v1,incorrect_e,accuracy_e,-0.176642052267246
sub022,closed,visual power,v1,fast,rt,0.0709862288016679
sub022,closed,visual power,v1,slow,rt,0.127944629793715
sub022,closed,somato lateralisation index,max,correct,accuracy,0.185165630665363
sub022,closed,somato lateralisation index,max,incorrect,accuracy,0.254072312968685
sub022,closed,somato lateralisation index,max,correct_e,accuracy_e,0.00110788703509028
sub022,closed,somato lateralisation index,max,incorrect_e,accuracy_e,0.254072312968685
sub022,closed,somato lateralisation index,max,fast,rt,0.195926814584879
sub022,closed,somato lateralisation index,max,slow,rt,0.177903647418311
sub022,closed,absolute,v1,correct,accuracy,5.55137158179412
sub022,closed,absolute,v1,incorrect,accuracy,5.04087813689407
sub022,closed,absolute,v1,correct_e,accuracy_e,5.46358591628631
sub022,closed,absolute,v1,incorrect_e,accuracy_e,5.04087813689407
sub022,closed,absolute,v1,fast,rt,5.52535000538614
sub022,closed,absolute,v1,slow,rt,5.57663142431217
sub023,open,visual power,v1,correct,accuracy,0.119243951625234
sub023,open,visual power,v1,incorrect,accuracy,0.0290997356946773
sub023,open,visual power,v1,correct_e,accuracy_e,0.413981875165064
sub023,open,visual power,v1,incorrect_e,accuracy_e,0.0290997356946773
sub023,open,visual power,v1,fast,rt,0.211584623381736
sub023,open,visual power,v1,slow,rt,0.042490262820337
sub023,open,somato lateralisation index,max,correct,accuracy,0.231200233235155
sub023,open,somato lateralisation index,max,incorrect,accuracy,-0.141420870767502
sub023,open,somato lateralisation index,max,correct_e,accuracy_e,0.403715820125092
sub023,open,somato lateralisation index,max,incorrect_e,accuracy_e,-0.141420870767502
sub023,open,somato lateralisation index,max,fast,rt,0.194092014083039
sub023,open,somato lateralisation index,max,slow,rt,0.260997885254778
sub023,open,absolute,v1,correct,accuracy,3.13601397466205
sub023,open,absolute,v1,incorrect,accuracy,2.77128894389171
sub023,open,absolute,v1,correct_e,accuracy_e,3.29042288041104
sub023,open,absolute,v1,incorrect_e,accuracy_e,2.77128894389171
sub023,open,absolute,v1,fast,rt,3.06150223824806
sub023,open,absolute,v1,slow,rt,3.22116518616695
sub023,closed,visual power,v1,correct,accuracy,-0.234890659586727
sub023,closed,visual power,v1,incorrect,accuracy,-0.136101862580048
sub023,closed,visual power,v1,correct_e,accuracy_e,-0.411390777149709
sub023,closed,visual power,v1,incorrect_e,accuracy_e,-0.136101862580048
sub023,closed,visual power,v1,fast,rt,-0.0487880721675247
sub023,closed,visual power,v1,slow,rt,-0.394310379386467
sub023,closed,somato lateralisation index,max,correct,accuracy,0.153814074017568
sub023,closed,somato lateralisation index,max,incorrect,accuracy,0.419794139862392
sub023,closed,somato lateralisation index,max,correct_e,accuracy_e,0.28578752272574
sub023,closed,somato lateralisation index,max,incorrect_e,accuracy_e,0.419794139862392
sub023,closed,somato lateralisation index,max,fast,rt,0.180769983458744
sub023,closed,somato lateralisation index,max,slow,rt,0.128017770494176
sub023,closed,absolute,v1,correct,accuracy,4.55445043007404
sub023,closed,absolute,v1,incorrect,accuracy,4.85502255412684
sub023,closed,absolute,v1,correct_e,accuracy_e,4.48477581974751
sub023,closed,absolute,v1,incorrect_e,accuracy_e,4.85502255412684
sub023,closed,absolute,v1,fast,rt,4.80147947333854
sub023,closed,absolute,v1,slow,rt,4.26837276761879
sub024,open,visual power,v1,correct,accuracy,0.853455826047816
sub024,open,visual power,v1,incorrect,accuracy,0.292389500866889
sub024,open,visual power,v1,correct_e,accuracy_e,1.17250582458302
sub024,open,visual power,v1,incorrect_e,accuracy_e,0.292389500866889
sub024,open,visual power,v1,fast,rt,0.812941901568813
sub024,open,visual power,v1,slow,rt,0.895792389042318
sub024,open,somato lateralisation index,max,correct,accuracy,-0.0185119649479717
sub024,open,somato lateralisation index,max,incorrect,accuracy,-0.228202923495653
sub024,open,somato lateralisation index,max,correct_e,accuracy_e,0.152892715086609
sub024,open,somato lateralisation index,max,incorrect_e,accuracy_e,-0.228202923495653
sub024,open,somato lateralisation index,max,fast,rt,0.0346192738495763
sub024,open,somato lateralisation index,max,slow,rt,-0.0810061427103062
sub024,open,absolute,v1,correct,accuracy,3.66544795840535
sub024,open,absolute,v1,incorrect,accuracy,2.9097790491764
sub024,open,absolute,v1,correct_e,accuracy_e,3.50764393395319
sub024,open,absolute,v1,incorrect_e,accuracy_e,2.9097790491764
sub024,open,absolute,v1,fast,rt,3.65875455108871
sub024,open,absolute,v1,slow,rt,3.68203400173425
sub024,closed,visual power,v1,correct,accuracy,-0.10473664223492
sub024,closed,visual power,v1,incorrect,accuracy,-0.0882790734169889
sub024,closed,visual power,v1,correct_e,accuracy_e,-0.144370662616437
sub024,closed,visual power,v1,incorrect_e,accuracy_e,-0.0882790734169889
sub024,closed,visual power,v1,fast,rt,-0.163919765869526
sub024,closed,visual power,v1,slow,rt,-0.0319868929576312
sub024,closed,somato lateralisation index,max,correct,accuracy,-0.0621164612032323
sub024,closed,somato lateralisation index,max,incorrect,accuracy,0.0857101957992128
sub024,closed,somato lateralisation index,max,correct_e,accuracy_e,0.037445211078977
sub024,closed,somato lateralisation index,max,incorrect_e,accuracy_e,0.0857101957992128
sub024,closed,somato lateralisation index,max,fast,rt,0.0326943266913325
sub024,closed,somato lateralisation index,max,slow,rt,-0.157013197197756
sub024,closed,absolute,v1,correct,accuracy,4.72043593247709
sub024,closed,absolute,v1,incorrect,accuracy,4.73470230915561
sub024,closed,absolute,v1,correct_e,accuracy_e,4.80130794831769
sub024,closed,absolute,v1,incorrect_e,accuracy_e,4.73470230915561
sub024,closed,absolute,v1,fast,rt,4.91084386917032
sub024,closed,absolute,v1,slow,rt,4.53380150500083
sub025,open,visual power,v1,correct,accuracy,0.667392055894565
sub025,open,visual power,v1,incorrect,accuracy,0.124842693767502
sub025,open,visual power,v1,correct_e,accuracy_e,0.848148889573477
sub025,open,visual power,v1,incorrect_e,accuracy_e,0.124842693767502
sub025,open,visual power,v1,fast,rt,0.965880155296707
sub025,open,visual power,v1,slow,rt,0.413814180670937
sub025,open,somato lateralisation index,max,correct,accuracy,0.0754816766369245
sub025,open,somato lateralisation index,max,incorrect,accuracy,0.0692036493183841
sub025,open,somato lateralisation index,max,correct_e,accuracy_e,0.0757989362131451
sub025,open,somato lateralisation index,max,incorrect_e,accuracy_e,0.0692036493183841
sub025,open,somato lateralisation index,max,fast,rt,0.0506142077465713
sub025,open,somato lateralisation index,max,slow,rt,0.0934382691028708
sub025,open,absolute,v1,correct,accuracy,3.93907199209623
sub025,open,absolute,v1,incorrect,accuracy,3.82382010459571
sub025,open,absolute,v1,correct_e,accuracy_e,3.97481823721898
sub025,open,absolute,v1,incorrect_e,accuracy_e,3.82382010459571
sub025,open,absolute,v1,fast,rt,3.95079364702122
sub025,open,absolute,v1,slow,rt,3.93022176797467
sub025,closed,visual power,v1,correct,accuracy,0.0999556033368646
sub025,closed,visual power,v1,incorrect,accuracy,-0.00583569599312233
sub025,closed,visual power,v1,correct_e,accuracy_e,0.014757899960792
sub025,closed,visual power,v1,incorrect_e,accuracy_e,-0.00583569599312233
sub025,closed,visual power,v1,fast,rt,0.0897783057724239
sub025,closed,visual power,v1,slow,rt,0.11103313541267
sub025,closed,somato lateralisation index,max,correct,accuracy,0.0742797481186451
sub025,closed,somato lateralisation index,max,incorrect,accuracy,0.0950879544484519
sub025,closed,somato lateralisation index,max,correct_e,accuracy_e,0.118513418558362
sub025,closed,somato lateralisation index,max,incorrect_e,accuracy_e,0.0950879544484519
sub025,closed,somato lateralisation index,max,fast,rt,0.0470893061134348
sub025,closed,somato lateralisation index,max,slow,rt,0.0964153163857626
sub025,closed,absolute,v1,correct,accuracy,5.64986505885111
sub025,closed,absolute,v1,incorrect,accuracy,5.47558079602524
sub025,closed,absolute,v1,correct_e,accuracy_e,5.51773834828423
sub025,closed,absolute,v1,incorrect_e,accuracy_e,5.47558079602524
sub025,closed,absolute,v1,fast,rt,5.64556432153686
sub025,closed,absolute,v1,slow,rt,5.65446390290935
sub026,open,visual power,v1,correct,accuracy,-0.100070152592379
sub026,open,visual power,v1,incorrect,accuracy,0.275302369892421
sub026,open,visual power,v1,correct_e,accuracy_e,0.0356775933838033
sub026,open,visual power,v1,incorrect_e,accuracy_e,0.275302369892421
sub026,open,visual power,v1,fast,rt,-0.121040689304213
sub026,open,visual power,v1,slow,rt,-0.0856066165626613
sub026,open,somato lateralisation index,max,correct,accuracy,0.0465167708634633
sub026,open,somato lateralisation index,max,incorrect,accuracy,-0.0232124730050302
sub026,open,somato lateralisation index,max,correct_e,accuracy_e,0.208648199461754
sub026,open,somato lateralisation index,max,incorrect_e,accuracy_e,-0.0232124730050302
sub026,open,somato lateralisation index,max,fast,rt,-0.119301867622413
sub026,open,somato lateralisation index,max,slow,rt,0.182379560775191
sub026,open,absolute,v1,correct,accuracy,3.50478326488148
sub026,open,absolute,v1,incorrect,accuracy,4.46388179158274
sub026,open,absolute,v1,correct_e,accuracy_e,3.99433462470931
sub026,open,absolute,v1,incorrect_e,accuracy_e,4.46388179158274
sub026,open,absolute,v1,fast,rt,3.55576418689373
sub026,open,absolute,v1,slow,rt,3.45520040428704
sub026,closed,visual power,v1,correct,accuracy,-0.231310341936609
sub026,closed,visual power,v1,incorrect,accuracy,-0.163684924586857
sub026,closed,visual power,v1,correct_e,accuracy_e,-0.244453886983596
sub026,closed,visual power,v1,incorrect_e,accuracy_e,-0.163684924586857
sub026,closed,visual power,v1,fast,rt,-0.336406103666593
sub026,closed,visual power,v1,slow,rt,-0.106936900094188
sub026,closed,somato lateralisation index,max,correct,accuracy,0.0386242421639549
sub026,closed,somato lateralisation index,max,incorrect,accuracy,0.167824952021075
sub026,closed,somato lateralisation index,max,correct_e,accuracy_e,0.0517972808002237
sub026,closed,somato lateralisation index,max,incorrect_e,accuracy_e,0.167824952021075
sub026,closed,somato lateralisation index,max,fast,rt,0.102720548247151
sub026,closed,somato lateralisation index,max,slow,rt,-0.0302581432651214
sub026,closed,absolute,v1,correct,accuracy,5.23470286817872
sub026,closed,absolute,v1,incorrect,accuracy,5.10458682189061
sub026,closed,absolute,v1,correct_e,accuracy_e,5.03642955829887
sub026,closed,absolute,v1,incorrect_e,accuracy_e,5.10458682189061
sub026,closed,absolute,v1,fast,rt,4.97864146763858
sub026,closed,absolute,v1,slow,rt,5.48266637640325
sub027,open,visual power,v1,correct,accuracy,0.899404883395642
sub027,open,visual power,v1,incorrect,accuracy,0.381191778294214
sub027,open,visual power,v1,correct_e,accuracy_e,0.869823667946602
sub027,open,visual power,v1,incorrect_e,accuracy_e,0.381191778294214
sub027,open,visual power,v1,fast,rt,1.01722446347547
sub027,open,visual power,v1,slow,rt,0.81857847818989
sub027,open,somato lateralisation index,max,correct,accuracy,-0.0541360929665694
sub027,open,somato lateralisation index,max,incorrect,accuracy,-0.0641448578123769
sub027,open,somato lateralisation index,max,correct_e,accuracy_e,-0.0492270007667156
sub027,open,somato lateralisation index,max,incorrect_e,accuracy_e,-0.0641448578123769
sub027,open,somato lateralisation index,max,fast,rt,-0.101312074753165
sub027,open,somato lateralisation index,max,slow,rt,0.0185905518598532
sub027,open,absolute,v1,correct,accuracy,5.53516035159604
sub027,open,absolute,v1,incorrect,accuracy,5.20498665687455
sub027,open,absolute,v1,correct_e,accuracy_e,5.50646075135858
sub027,open,absolute,v1,incorrect_e,accuracy_e,5.20498665687455
sub027,open,absolute,v1,fast,rt,5.64126922723183
sub027,open,absolute,v1,slow,rt,5.4446288346878
sub027,closed,visual power,v1,correct,accuracy,-0.0445569952848894
sub027,closed,visual power,v1,incorrect,accuracy,0.0812510545383095
sub027,closed,visual power,v1,correct_e,accuracy_e,-0.0919613774120293
sub027,closed,visual power,v1,incorrect_e,accuracy_e,0.0812510545383095
sub027,closed,visual power,v1,fast,rt,0.0211266290379768
sub027,closed,visual power,v1,slow,rt,-0.0992477282251421
sub027,closed,somato lateralisation index,max,correct,accuracy,-0.0786677037183266
sub027,closed,somato lateralisation index,max,incorrect,accuracy,-0.0106994294915134
sub027,closed,somato lateralisation index,max,correct_e,accuracy_e,-0.159373216083256
sub027,closed,somato lateralisation index,max,incorrect_e,accuracy_e,-0.0106994294915134
sub027,closed,somato lateralisation index,max,fast,rt,-0.25686997760537
sub027,closed,somato lateralisation index,max,slow,rt,0.0877749394862432
sub027,closed,absolute,v1,correct,accuracy,6.37656307011005
sub027,closed,absolute,v1,incorrect,accuracy,6.68700069649744
sub027,closed,absolute,v1,correct_e,accuracy_e,6.31361749996217
sub027,closed,absolute,v1,incorrect_e,accuracy_e,6.68700069649744
sub027,closed,absolute,v1,fast,rt,6.52355043166103
sub027,closed,absolute,v1,slow,rt,6.23576768791538
sub028,open,visual power,v1,correct,accuracy,0.0349581219277661
sub028,open,visual power,v1,incorrect,accuracy,0.206195604718999
sub028,open,visual power,v1,correct_e,accuracy_e,0.137882365926126
sub028,open,visual power,v1,incorrect_e,accuracy_e,0.206195604718999
sub028,open,visual power,v1,fast,rt,-0.0754118423455887
sub028,open,visual power,v1,slow,rt,0.167669915396276
sub028,open,somato lateralisation index,max,correct,accuracy,0.257556633293832
sub028,open,somato lateralisation index,max,incorrect,accuracy,0.21368611933673
sub028,open,somato lateralisation index,max,correct_e,accuracy_e,0.34157986775671
sub028,open,somato lateralisation index,max,incorrect_e,accuracy_e,0.21368611933673
sub028,open,somato lateralisation index,max,fast,rt,0.305617750327641
sub028,open,somato lateralisation index,max,slow,rt,0.206470591855041
sub028,open,absolute,v1,correct,accuracy,2.4253633471993
sub028,open,absolute,v1,incorrect,accuracy,2.63746020102193
sub028,open,absolute,v1,correct_e,accuracy_e,2.68718927259125
sub028,open,absolute,v1,incorrect_e,accuracy_e,2.63746020102193
sub028,open,absolute,v1,fast,rt,2.32302598691532
sub028,open,absolute,v1,slow,rt,2.5315458076526
sub028,closed,visual power,v1,correct,accuracy,0.0617358870839512
sub028,closed,visual power,v1,incorrect,accuracy,0.205646667369409
sub028,closed,visual power,v1,correct_e,accuracy_e,0.0808566169125727
sub028,closed,visual power,v1,incorrect_e,accuracy_e,0.205646667369409
sub028,closed,visual power,v1,fast,rt,0.071758127005104
sub028,closed,visual power,v1,slow,rt,0.0516894948079694
sub028,closed,somato lateralisation index,max,correct,accuracy,0.0684393439601712
sub028,closed,somato lateralisation index,max,incorrect,accuracy,0.143687859337016
sub028,closed,somato lateralisation index,max,correct_e,accuracy_e,0.0642177898178658
sub028,closed,somato lateralisation index,max,incorrect_e,accuracy_e,0.143687859337016
sub028,closed,somato lateralisation index,max,fast,rt,0.0662467170837729
sub028,closed,somato lateralisation index,max,slow,rt,0.07073487766536
sub028,closed,absolute,v1,correct,accuracy,3.74068192121823
sub028,closed,absolute,v1,incorrect,accuracy,4.02706986380404
sub028,closed,absolute,v1,correct_e,accuracy_e,3.65231833559297
sub028,closed,absolute,v1,incorrect_e,accuracy_e,4.02706986380404
sub028,closed,absolute,v1,fast,rt,3.6817421387833
sub028,closed,absolute,v1,slow,rt,3.80287205057429
sub029,open,visual power,v1,correct,accuracy,0.06107906474719
sub029,open,visual power,v1,incorrect,accuracy,0.130423861484099
sub029,open,visual power,v1,correct_e,accuracy_e,-0.113269915032198
sub029,open,visual power,v1,incorrect_e,accuracy_e,0.130423861484099
sub029,open,visual power,v1,fast,rt,0.138245394732627
sub029,open,visual power,v1,slow,rt,-0.00621831793884994
sub029,open,somato lateralisation index,max,correct,accuracy,0.0229239497000979
sub029,open,somato lateralisation index,max,incorrect,accuracy,0.059921011251543
sub029,open,somato lateralisation index,max,correct_e,accuracy_e,0.0513365484284153
sub029,open,somato lateralisation index,max,incorrect_e,accuracy_e,0.059921011251543
sub029,open,somato lateralisation index,max,fast,rt,-0.0537186672164716
sub029,open,somato lateralisation index,max,slow,rt,0.104038426618928
sub029,open,absolute,v1,correct,accuracy,1.78466888677098
sub029,open,absolute,v1,incorrect,accuracy,1.79958131877754
sub029,open,absolute,v1,correct_e,accuracy_e,1.5061987390326
sub029,open,absolute,v1,incorrect_e,accuracy_e,1.79958131877754
sub029,open,absolute,v1,fast,rt,1.73256928211251
sub029,open,absolute,v1,slow,rt,1.83993534356787
sub029,closed,visual power,v1,correct,accuracy,-0.209232778453155
sub029,closed,visual power,v1,incorrect,accuracy,-0.0805562731698593
sub029,closed,visual power,v1,correct_e,accuracy_e,-0.320378128785235
sub029,closed,visual power,v1,incorrect_e,accuracy_e,-0.0805562731698593
sub029,closed,visual power,v1,fast,rt,-0.146896065104933
sub029,closed,visual power,v1,slow,rt,-0.281053557070832
sub029,closed,somato lateralisation index,max,correct,accuracy,0.0451134295303689
sub029,closed,somato lateralisation index,max,incorrect,accuracy,-0.0277285891850016
sub029,closed,somato lateralisation index,max,correct_e,accuracy_e,0.168334973083922
sub029,closed,somato lateralisation index,max,incorrect_e,accuracy_e,-0.0277285891850016
sub029,closed,somato lateralisation index,max,fast,rt,0.148330176492969
sub029,closed,somato lateralisation index,max,slow,rt,-0.0849644857836589
sub029,closed,absolute,v1,correct,accuracy,2.9692382846033
sub029,closed,absolute,v1,incorrect,accuracy,2.72624295769675
sub029,closed,absolute,v1,correct_e,accuracy_e,2.62790016822315
sub029,closed,absolute,v1,incorrect_e,accuracy_e,2.72624295769675
sub029,closed,absolute,v1,fast,rt,3.42696204765148
sub029,closed,absolute,v1,slow,rt,2.51076695428268
sub030,open,visual power,v1,correct,accuracy,-0.0901180250075743
sub030,open,visual power,v1,incorrect,accuracy,0.160610708942332
sub030,open,visual power,v1,correct_e,accuracy_e,-0.230772095008852
sub030,open,visual power,v1,incorrect_e,accuracy_e,0.160610708942332
sub030,open,visual power,v1,fast,rt,-0.0371770005218839
sub030,open,visual power,v1,slow,rt,-0.135127012733186
sub030,open,somato lateralisation index,max,correct,accuracy,0.111747777914841
sub030,open,somato lateralisation index,max,incorrect,accuracy,0.11722998109769
sub030,open,somato lateralisation index,max,correct_e,accuracy_e,0.0746443848761738
sub030,open,somato lateralisation index,max,incorrect_e,accuracy_e,0.11722998109769
sub030,open,somato lateralisation index,max,fast,rt,0.00504622293455289
sub030,open,somato lateralisation index,max,slow,rt,0.196956941423267
sub030,open,absolute,v1,correct,accuracy,3.28913499241896
sub030,open,absolute,v1,incorrect,accuracy,3.2444301068242
sub030,open,absolute,v1,correct_e,accuracy_e,2.87583737887514
sub030,open,absolute,v1,incorrect_e,accuracy_e,3.2444301068242
sub030,open,absolute,v1,fast,rt,3.27061027270239
sub030,open,absolute,v1,slow,rt,3.30686218539728
sub030,closed,visual power,v1,correct,accuracy,-0.162251168478195
sub030,closed,visual power,v1,incorrect,accuracy,0.105527821504129
sub030,closed,visual power,v1,correct_e,accuracy_e,-0.126811387620596
sub030,closed,visual power,v1,incorrect_e,accuracy_e,0.105527821504129
sub030,closed,visual power,v1,fast,rt,-0.180663300840759
sub030,closed,visual power,v1,slow,rt,-0.141040153757453
sub030,closed,somato lateralisation index,max,correct,accuracy,-0.00245539857660492
sub030,closed,somato lateralisation index,max,incorrect,accuracy,-0.0985866464146826
sub030,closed,somato lateralisation index,max,correct_e,accuracy_e,-0.239444368898201
sub030,closed,somato lateralisation index,max,incorrect_e,accuracy_e,-0.0985866464146826
sub030,closed,somato lateralisation index,max,fast,rt,-0.0767940945830407
sub030,closed,somato lateralisation index,max,slow,rt,0.0485122837771842
sub030,closed,absolute,v1,correct,accuracy,5.82811164082336
sub030,closed,absolute,v1,incorrect,accuracy,6.14873253632037
sub030,closed,absolute,v1,correct_e,accuracy_e,5.8366294743234
sub030,closed,absolute,v1,incorrect_e,accuracy_e,6.14873253632037
sub030,closed,absolute,v1,fast,rt,5.9160760866897
sub030,closed,absolute,v1,slow,rt,5.7344180945881
sub031,open,visual power,v1,correct,accuracy,0.756601521331213
sub031,open,visual power,v1,incorrect,accuracy,0.0909324437381202
sub031,open,visual power,v1,correct_e,accuracy_e,0.798164420975
sub031,open,visual power,v1,incorrect_e,accuracy_e,0.0909324437381202
sub031,open,visual power,v1,fast,rt,0.893810576239019
sub031,open,visual power,v1,slow,rt,0.631660409708569
sub031,open,somato lateralisation index,max,correct,accuracy,0.0462155147018139
sub031,open,somato lateralisation index,max,incorrect,accuracy,-0.110189717847849
sub031,open,somato lateralisation index,max,correct_e,accuracy_e,-0.113715906404604
sub031,open,somato lateralisation index,max,incorrect_e,accuracy_e,-0.110189717847849
sub031,open,somato lateralisation index,max,fast,rt,0.209717536987768
sub031,open,somato lateralisation index,max,slow,rt,-0.0819627020580194
sub031,open,absolute,v1,correct,accuracy,5.06668058705099
sub031,open,absolute,v1,incorrect,accuracy,4.88692616085054
sub031,open,absolute,v1,correct_e,accuracy_e,5.26993229001521
sub031,open,absolute,v1,incorrect_e,accuracy_e,4.88692616085054
sub031,open,absolute,v1,fast,rt,5.12654735290688
sub031,open,absolute,v1,slow,rt,5.00490933660973
sub031,closed,visual power,v1,correct,accuracy,-0.147798529461108
sub031,closed,visual power,v1,incorrect,accuracy,-0.226043373205231
sub031,closed,visual power,v1,correct_e,accuracy_e,-0.186552512258146
sub031,closed,visual power,v1,incorrect_e,accuracy_e,-0.226043373205231
sub031,closed,visual power,v1,fast,rt,-0.19272450493917
sub031,closed,visual power,v1,slow,rt,-0.0865840063572641
sub031,closed,somato lateralisation index,max,correct,accuracy,0.106821709432351
sub031,closed,somato lateralisation index,max,incorrect,accuracy,0.311249945903545
sub031,closed,somato lateralisation index,max,correct_e,accuracy_e,0.0195904029616425
sub031,closed,somato lateralisation index,max,incorrect_e,accuracy_e,0.311249945903545
sub031,closed,somato lateralisation index,max,fast,rt,0.161155857601846
sub031,closed,somato lateralisation index,max,slow,rt,0.020175097068066
sub031,closed,absolute,v1,correct,accuracy,6.58396977519945
sub031,closed,absolute,v1,incorrect,accuracy,6.06229775921411
sub031,closed,absolute,v1,correct_e,accuracy_e,6.61901997861962
sub031,closed,absolute,v1,incorrect_e,accuracy_e,6.06229775921411
sub031,closed,absolute,v1,fast,rt,6.79871513393313
sub031,closed,absolute,v1,slow,rt,6.34271161053269
sub032,open,visual power,v1,correct,accuracy,0.432552972793893
sub032,open,visual power,v1,incorrect,accuracy,0.403936100309924
sub032,open,visual power,v1,correct_e,accuracy_e,0.480354936128191
sub032,open,visual power,v1,incorrect_e,accuracy_e,0.403936100309924
sub032,open,visual power,v1,fast,rt,0.343065887094021
sub032,open,visual power,v1,slow,rt,0.556804653512039
sub032,open,somato lateralisation index,max,correct,accuracy,0.0584710800211998
sub032,open,somato lateralisation index,max,incorrect,accuracy,-0.086661446260251
sub032,open,somato lateralisation index,max,correct_e,accuracy_e,0.0881521242613612
sub032,open,somato lateralisation index,max,incorrect_e,accuracy_e,-0.086661446260251
sub032,open,somato lateralisation index,max,fast,rt,0.0513475472410988
sub032,open,somato lateralisation index,max,slow,rt,0.0569764896851647
sub032,open,absolute,v1,correct,accuracy,3.9224202906411
sub032,open,absolute,v1,incorrect,accuracy,4.03522184286332
sub032,open,absolute,v1,correct_e,accuracy_e,4.09753286697463
sub032,open,absolute,v1,incorrect_e,accuracy_e,4.03522184286332
sub032,open,absolute,v1,fast,rt,4.07593231923071
sub032,open,absolute,v1,slow,rt,3.80731060773798
sub032,closed,visual power,v1,correct,accuracy,-0.0814088283767905
sub032,closed,visual power,v1,incorrect,accuracy,-0.406387326007699
sub032,closed,visual power,v1,correct_e,accuracy_e,-0.0985173892704258
sub032,closed,visual power,v1,incorrect_e,accuracy_e,-0.406387326007699
sub032,closed,visual power,v1,fast,rt,-0.0776996262775175
sub032,closed,visual power,v1,slow,rt,-0.0846774748152282
sub032,closed,somato lateralisation index,max,correct,accuracy,0.0258359930251951
sub032,closed,somato lateralisation index,max,incorrect,accuracy,-0.0138431408808708
sub032,closed,somato lateralisation index,max,correct_e,accuracy_e,0.0158726035807264
sub032,closed,somato lateralisation index,max,incorrect_e,accuracy_e,-0.0138431408808708
sub032,closed,somato lateralisation index,max,fast,rt,-0.0209734956828907
sub032,closed,somato lateralisation index,max,slow,rt,0.0681175639243685
sub032,closed,absolute,v1,correct,accuracy,4.69304926548513
sub032,closed,absolute,v1,incorrect,accuracy,4.5921713728209
sub032,closed,absolute,v1,correct_e,accuracy_e,4.78143905113779
sub032,closed,absolute,v1,incorrect_e,accuracy_e,4.5921713728209
sub032,closed,absolute,v1,fast,rt,4.41583113064722
sub032,closed,absolute,v1,slow,rt,4.97010046321202
sub033,open,visual power,v1,correct,accuracy,0.450011661747731
sub033,open,visual power,v1,incorrect,accuracy,0.49332299072127
sub033,open,visual power,v1,correct_e,accuracy_e,1.2588151622485
sub033,open,visual power,v1,incorrect_e,accuracy_e,0.49332299072127
sub033,open,visual power,v1,fast,rt,0.576625164161055
sub033,open,visual power,v1,slow,rt,0.336422788769106
sub033,open,somato lateralisation index,max,correct,accuracy,0.083248824995124
sub033,open,somato lateralisation index,max,incorrect,accuracy,0.0104397505178046
sub033,open,somato lateralisation index,max,correct_e,accuracy_e,0.363924557914473
sub033,open,somato lateralisation index,max,incorrect_e,accuracy_e,0.0104397505178046
sub033,open,somato lateralisation index,max,fast,rt,0.0444034404957758
sub033,open,somato lateralisation index,max,slow,rt,0.116733533340481
sub033,open,absolute,v1,correct,accuracy,3.54341029778716
sub033,open,absolute,v1,incorrect,accuracy,4.69328514105991
sub033,open,absolute,v1,correct_e,accuracy_e,3.89213633258229
sub033,open,absolute,v1,incorrect_e,accuracy_e,4.69328514105991
sub033,open,absolute,v1,fast,rt,3.59413838107924
sub033,open,absolute,v1,slow,rt,3.48072048054921
sub033,closed,visual power,v1,correct,accuracy,0.0742838348914722
sub033,closed,visual power,v1,incorrect,accuracy,-0.10684110842537
sub033,closed,visual power,v1,correct_e,accuracy_e,0.0632517001802932
sub033,closed,visual power,v1,incorrect_e,accuracy_e,-0.10684110842537
sub033,closed,visual power,v1,fast,rt,0.259109109797779
sub033,closed,visual power,v1,slow,rt,-0.0703417609182186
sub033,closed,somato lateralisation index,max,correct,accuracy,0.0758426210771821
sub033,closed,somato lateralisation index,max,incorrect,accuracy,-0.17750654116994
sub033,closed,somato lateralisation index,max,correct_e,accuracy_e,-0.0280918811093251
sub033,closed,somato lateralisation index,max,incorrect_e,accuracy_e,-0.17750654116994
sub033,closed,somato lateralisation index,max,fast,rt,0.0371398532239975
sub033,closed,somato lateralisation index,max,slow,rt,0.112833290444348
sub033,closed,absolute,v1,correct,accuracy,5.12094798022038
sub033,closed,absolute,v1,incorrect,accuracy,5.31070177671626
sub033,closed,absolute,v1,correct_e,accuracy_e,4.80347520855487
sub033,closed,absolute,v1,incorrect_e,accuracy_e,5.31070177671626
sub033,closed,absolute,v1,fast,rt,5.14261319395956
sub033,closed,absolute,v1,slow,rt,5.09818555144576
sub034,open,visual power,v1,correct,accuracy,0.388953331258079
sub034,open,visual power,v1,incorrect,accuracy,0.65100417738369
sub034,open,visual power,v1,correct_e,accuracy_e,0.672577944710916
sub034,open,visual power,v1,incorrect_e,accuracy_e,0.65100417738369
sub034,open,visual power,v1,fast,rt,0.427883217638217
sub034,open,visual power,v1,slow,rt,0.327929227289518
sub034,open,somato lateralisation index,max,correct,accuracy,0.126740667229837
sub034,open,somato lateralisation index,max,incorrect,accuracy,0.0679681597374694
sub034,open,somato lateralisation index,max,correct_e,accuracy_e,0.31438787279572
sub034,open,somato lateralisation index,max,incorrect_e,accuracy_e,0.0679681597374694
sub034,open,somato lateralisation index,max,fast,rt,0.171097318171742
sub034,open,somato lateralisation index,max,slow,rt,0.0778430538070528
sub034,open,absolute,v1,correct,accuracy,1.98571546479142
sub034,open,absolute,v1,incorrect,accuracy,2.11991595731718
sub034,open,absolute,v1,correct_e,accuracy_e,2.20432157532218
sub034,open,absolute,v1,incorrect_e,accuracy_e,2.11991595731718
sub034,open,absolute,v1,fast,rt,2.22095096453008
sub034,open,absolute,v1,slow,rt,1.76461718154962
sub034,closed,visual power,v1,correct,accuracy,0.0962099446357288
sub034,closed,visual power,v1,incorrect,accuracy,0.0830934214660474
sub034,closed,visual power,v1,correct_e,accuracy_e,-0.161028176910391
sub034,closed,visual power,v1,incorrect_e,accuracy_e,0.0830934214660474
sub034,closed,visual power,v1,fast,rt,0.0436879911300932
sub034,closed,visual power,v1,slow,rt,0.133949126246502
sub034,closed,somato lateralisation index,max,correct,accuracy,0.0687176413582621
sub034,closed,somato lateralisation index,max,incorrect,accuracy,-0.172074682833968
sub034,closed,somato lateralisation index,max,correct_e,accuracy_e,0.173210395211345
sub034,closed,somato lateralisation index,max,incorrect_e,accuracy_e,-0.172074682833968
sub034,closed,somato lateralisation index,max,fast,rt,0.0962857719353251
sub034,closed,somato lateralisation index,max,slow,rt,0.0581316834800129
sub034,closed,absolute,v1,correct,accuracy,3.60917600105081
sub034,closed,absolute,v1,incorrect,accuracy,3.37609923866401
sub034,closed,absolute,v1,correct_e,accuracy_e,3.3262950686365
sub034,closed,absolute,v1,incorrect_e,accuracy_e,3.37609923866401
sub034,closed,absolute,v1,fast,rt,3.52978832761953
sub034,closed,absolute,v1,slow,rt,3.66297474359765
sub035,open,visual power,v1,correct,accuracy,0.121591089601625
sub035,open,visual power,v1,incorrect,accuracy,0.0249850407340733
sub035,open,visual power,v1,correct_e,accuracy_e,0.10321692709137
sub035,open,visual power,v1,incorrect_e,accuracy_e,0.0249850407340733
sub035,open,visual power,v1,fast,rt,0.0888472613954224
sub035,open,visual power,v1,slow,rt,0.148352407607347
sub035,open,somato lateralisation index,max,correct,accuracy,0.0575437032843668
sub035,open,somato lateralisation index,max,incorrect,accuracy,0.216892442686306
sub035,open,somato lateralisation index,max,correct_e,accuracy_e,0.0328842170685926
sub035,open,somato lateralisation index,max,incorrect_e,accuracy_e,0.216892442686306
sub035,open,somato lateralisation index,max,fast,rt,0.143754642155551
sub035,open,somato lateralisation index,max,slow,rt,-0.0105679043152585
sub035,open,absolute,v1,correct,accuracy,5.05978532422052
sub035,open,absolute,v1,incorrect,accuracy,5.01759391707707
sub035,open,absolute,v1,correct_e,accuracy_e,4.88204906685487
sub035,open,absolute,v1,incorrect_e,accuracy_e,5.01759391707707
sub035,open,absolute,v1,fast,rt,4.93209776358189
sub035,open,absolute,v1,slow,rt,5.27080497343332
sub035,closed,visual power,v1,correct,accuracy,0.0379155065112233
sub035,closed,visual power,v1,incorrect,accuracy,0.189743228950309
sub035,closed,visual power,v1,correct_e,accuracy_e,0.0647546851034471
sub035,closed,visual power,v1,incorrect_e,accuracy_e,0.189743228950309
sub035,closed,visual power,v1,fast,rt,0.0119744266210829
sub035,closed,visual power,v1,slow,rt,0.065338105212074
sub035,closed,somato lateralisation index,max,correct,accuracy,-0.00149290984279645
sub035,closed,somato lateralisation index,max,incorrect,accuracy,0.0495305215565803
sub035,closed,somato lateralisation index,max,correct_e,accuracy_e,-0.038377913861553
sub035,closed,somato lateralisation index,max,incorrect_e,accuracy_e,0.0495305215565803
sub035,closed,somato lateralisation index,max,fast,rt,0.0443790400045767
sub035,closed,somato lateralisation index,max,slow,rt,-0.0566438355864612
sub035,closed,absolute,v1,correct,accuracy,4.96073008097804
sub035,closed,absolute,v1,incorrect,accuracy,5.27000194081034
sub035,closed,absolute,v1,correct_e,accuracy_e,5.12349275000674
sub035,closed,absolute,v1,incorrect_e,accuracy_e,5.27000194081034
sub035,closed,absolute,v1,fast,rt,4.97906066975116
sub035,closed,absolute,v1,slow,rt,4.94245856143461
sub036,open,visual power,v1,correct,accuracy,0.306182969043902
sub036,open,visual power,v1,incorrect,accuracy,0.412632481464333
sub036,open,visual power,v1,correct_e,accuracy_e,0.254671155721379
sub036,open,visual power,v1,incorrect_e,accuracy_e,0.412632481464333
sub036,open,visual power,v1,fast,rt,0.260790152106398
sub036,open,visual power,v1,slow,rt,0.356154351811239
sub036,open,somato lateralisation index,max,correct,accuracy,0.258899001460854
sub036,open,somato lateralisation index,max,incorrect,accuracy,0.282271571068707
sub036,open,somato lateralisation index,max,correct_e,accuracy_e,0.20677844570143
sub036,open,somato lateralisation index,max,incorrect_e,accuracy_e,0.282271571068707
sub036,open,somato lateralisation index,max,fast,rt,0.207988908091366
sub036,open,somato lateralisation index,max,slow,rt,0.314916955099689
sub036,open,absolute,v1,correct,accuracy,5.12769788245804
sub036,open,absolute,v1,incorrect,accuracy,5.25558434144202
sub036,open,absolute,v1,correct_e,accuracy_e,4.98893590785063
sub036,open,absolute,v1,incorrect_e,accuracy_e,5.25558434144202
sub036,open,absolute,v1,fast,rt,5.12289240580316
sub036,open,absolute,v1,slow,rt,5.13262540619442
sub036,closed,visual power,v1,correct,accuracy,0.0447196540673605
sub036,closed,visual power,v1,incorrect,accuracy,0.314138879684891
sub036,closed,visual power,v1,correct_e,accuracy_e,0.100794674111775
sub036,closed,visual power,v1,incorrect_e,accuracy_e,0.314138879684891
sub036,closed,visual power,v1,fast,rt,0.0937604854373414
sub036,closed,visual power,v1,slow,rt,0.0223153860369674
sub036,closed,somato lateralisation index,max,correct,accuracy,0.0746942944000819
sub036,closed,somato lateralisation index,max,incorrect,accuracy,0.0217666082744369
sub036,closed,somato lateralisation index,max,correct_e,accuracy_e,0.0860643564684269
sub036,closed,somato lateralisation index,max,incorrect_e,accuracy_e,0.0217666082744369
sub036,closed,somato lateralisation index,max,fast,rt,0.112864928960918
sub036,closed,somato lateralisation index,max,slow,rt,0.10095784430644
sub036,closed,absolute,v1,correct,accuracy,6.08684947768926
sub036,closed,absolute,v1,incorrect,accuracy,6.24335736513711
sub036,closed,absolute,v1,correct_e,accuracy_e,6.15991613398476
sub036,closed,absolute,v1,incorrect_e,accuracy_e,6.24335736513711
sub036,closed,absolute,v1,fast,rt,6.20951589175598
sub036,closed,absolute,v1,slow,rt,6.00759895267606
sub037,open,visual power,v1,correct,accuracy,0.238578895196062
sub037,open,visual power,v1,incorrect,accuracy,0.0852578654254159
sub037,open,visual power,v1,correct_e,accuracy_e,0.690921074972443
sub037,open,visual power,v1,incorrect_e,accuracy_e,0.0852578654254159
sub037,open,visual power,v1,fast,rt,0.305380614489322
sub037,open,visual power,v1,slow,rt,0.169035472864963
sub037,open,somato lateralisation index,max,correct,accuracy,-0.00270587730474369
sub037,open,somato lateralisation index,max,incorrect,accuracy,0.354002918398781
sub037,open,somato lateralisation index,max,correct_e,accuracy_e,0.0100155831732491
sub037,open,somato lateralisation index,max,incorrect_e,accuracy_e,0.354002918398781
sub037,open,somato lateralisation index,max,fast,rt,0.230266717035396
sub037,open,somato lateralisation index,max,slow,rt,-0.216178078356971
sub037,open,absolute,v1,correct,accuracy,4.06423649431512
sub037,open,absolute,v1,incorrect,accuracy,4.08028884534273
sub037,open,absolute,v1,correct_e,accuracy_e,4.05065412492339
sub037,open,absolute,v1,incorrect_e,accuracy_e,4.08028884534273
sub037,open,absolute,v1,fast,rt,4.08289391532409
sub037,open,absolute,v1,slow,rt,4.04276118187055
sub037,closed,visual power,v1,correct,accuracy,-0.130050426172379
sub037,closed,visual power,v1,incorrect,accuracy,-0.226622771379546
sub037,closed,visual power,v1,correct_e,accuracy_e,-0.0479626224814515
sub037,closed,visual power,v1,incorrect_e,accuracy_e,-0.226622771379546
sub037,closed,visual power,v1,fast,rt,-0.0719285434398499
sub037,closed,visual power,v1,slow,rt,-0.187596664534819
sub037,closed,somato lateralisation index,max,correct,accuracy,-0.00215526659648738
sub037,closed,somato lateralisation index,max,incorrect,accuracy,0.198504522029912
sub037,closed,somato lateralisation index,max,correct_e,accuracy_e,-0.066660196246842
sub037,closed,somato lateralisation index,max,incorrect_e,accuracy_e,0.198504522029912
sub037,closed,somato lateralisation index,max,fast,rt,0.0512825262338532
sub037,closed,somato lateralisation index,max,slow,rt,-0.041018042887366
sub037,closed,absolute,v1,correct,accuracy,5.16651528455898
sub037,closed,absolute,v1,incorrect,accuracy,4.62793822786964
sub037,closed,absolute,v1,correct_e,accuracy_e,4.93153780987333
sub037,closed,absolute,v1,incorrect_e,accuracy_e,4.62793822786964
sub037,closed,absolute,v1,fast,rt,5.25135853331662
sub037,closed,absolute,v1,slow,rt,5.10022937212705
sub039,open,visual power,v1,correct,accuracy,0.0297822818364244
sub039,open,visual power,v1,incorrect,accuracy,-0.0641872018421049
sub039,open,visual power,v1,correct_e,accuracy_e,-0.0464123410768635
sub039,open,visual power,v1,incorrect_e,accuracy_e,-0.0641872018421049
sub039,open,visual power,v1,fast,rt,0.0262580720305502
sub039,open,visual power,v1,slow,rt,0.0486994773435854
sub039,open,somato lateralisation index,max,correct,accuracy,0.061662062164502
sub039,open,somato lateralisation index,max,incorrect,accuracy,0.147517965772011
sub039,open,somato lateralisation index,max,correct_e,accuracy_e,-0.184986346493757
sub039,open,somato lateralisation index,max,incorrect_e,accuracy_e,0.147517965772011
sub039,open,somato lateralisation index,max,fast,rt,0.0285768870114572
sub039,open,somato lateralisation index,max,slow,rt,0.0903818575148373
sub039,open,absolute,v1,correct,accuracy,4.64225741156936
sub039,open,absolute,v1,incorrect,accuracy,4.1864969703436
sub039,open,absolute,v1,correct_e,accuracy_e,4.59941617920812
sub039,open,absolute,v1,incorrect_e,accuracy_e,4.1864969703436
sub039,open,absolute,v1,fast,rt,4.52130038679147
sub039,open,absolute,v1,slow,rt,4.75141146549003
sub039,closed,visual power,v1,correct,accuracy,0.124008079642059
sub039,closed,visual power,v1,incorrect,accuracy,-0.023056311989726
sub039,closed,visual power,v1,correct_e,accuracy_e,-0.00828726246770426
sub039,closed,visual power,v1,incorrect_e,accuracy_e,-0.023056311989726
sub039,closed,visual power,v1,fast,rt,0.183060850854819
sub039,closed,visual power,v1,slow,rt,0.0696609974146977
sub039,closed,somato lateralisation index,max,correct,accuracy,0.000124066846219196
sub039,closed,somato lateralisation index,max,incorrect,accuracy,0.461420403674784
sub039,closed,somato lateralisation index,max,correct_e,accuracy_e,0.0353669745265218
sub039,closed,somato lateralisation index,max,incorrect_e,accuracy_e,0.461420403674784
sub039,closed,somato lateralisation index,max,fast,rt,0.0437137225179445
sub039,closed,somato lateralisation index,max,slow,rt,-0.0329137069787517
sub039,closed,absolute,v1,correct,accuracy,4.58167185987592
sub039,closed,absolute,v1,incorrect,accuracy,4.26936294812327
sub039,closed,absolute,v1,correct_e,accuracy_e,4.12794273707268
sub039,closed,absolute,v1,incorrect_e,accuracy_e,4.26936294812327
sub039,closed,absolute,v1,fast,rt,4.67490525833473
sub039,closed,absolute,v1,slow,rt,4.49873153115042
