sub,eyes,measure,roi,cond,compare,band,value
sub001,open,visual power,Brodmann,correct,accuracy,alpha,0.22263644768533
sub001,open,visual power,Brodmann,incorrect,accuracy,alpha,0.229652275648247
sub001,open,visual power,Brodmann,correct_e,accuracy_e,alpha,0.128688184362732
sub001,open,visual power,Brodmann,incorrect_e,accuracy_e,alpha,0.229652275648247
sub001,open,visual power,Brodmann,fast,rt,alpha,0.164651354598011
sub001,open,visual power,Brodmann,slow,rt,alpha,0.286126454675334
sub001,open,somato lateralisation index,max,correct,accuracy,alpha,0.120076612130542
sub001,open,somato lateralisation index,max,incorrect,accuracy,alpha,-0.090473056951843
sub001,open,somato lateralisation index,max,correct_e,accuracy_e,alpha,0.073363550926658
sub001,open,somato lateralisation index,max,incorrect_e,accuracy_e,alpha,-0.090473056951843
sub001,open,somato lateralisation index,max,fast,rt,alpha,0.100240082790779
sub001,open,somato lateralisation index,max,slow,rt,alpha,0.161446574172038
sub001,open,absolute,Brodmann,correct,accuracy,alpha,1.68431040825823e-05
sub001,open,absolute,Brodmann,incorrect,accuracy,alpha,1.40096361125689e-05
sub001,open,absolute,Brodmann,correct_e,accuracy_e,alpha,1.69555895890701e-05
sub001,open,absolute,Brodmann,incorrect_e,accuracy_e,alpha,1.40096361125689e-05
sub001,open,absolute,Brodmann,fast,rt,alpha,1.57098642620346e-05
sub001,open,absolute,Brodmann,slow,rt,alpha,1.79771264857308e-05
sub001,closed,visual power,Brodmann,correct,accuracy,alpha,-0.0433896047190901
sub001,closed,visual power,Brodmann,incorrect,accuracy,alpha,0.15912995227088
sub001,closed,visual power,Brodmann,correct_e,accuracy_e,alpha,-0.0101443238835558
sub001,closed,visual power,Brodmann,incorrect_e,accuracy_e,alpha,0.15912995227088
sub001,closed,visual power,Brodmann,fast,rt,alpha,-0.0754263018806639
sub001,closed,visual power,Brodmann,slow,rt,alpha,-0.0809924885735071
sub001,closed,somato lateralisation index,max,correct,accuracy,alpha,0.117806249429905
sub001,closed,somato lateralisation index,max,incorrect,accuracy,alpha,-0.04364096183357
sub001,closed,somato lateralisation index,max,correct_e,accuracy_e,alpha,0.212159702683339
sub001,closed,somato lateralisation index,max,incorrect_e,accuracy_e,alpha,-0.04364096183357
sub001,closed,somato lateralisation index,max,fast,rt,alpha,0.0591884151316558
sub001,closed,somato lateralisation index,max,slow,rt,alpha,0.128839358392579
sub001,closed,absolute,Brodmann,correct,accuracy,alpha,2.89132154045472e-05
sub001,closed,absolute,Brodmann,incorrect,accuracy,alpha,3.0881093227291e-05
sub001,closed,absolute,Brodmann,correct_e,accuracy_e,alpha,2.97210540767284e-05
sub001,closed,absolute,Brodmann,incorrect_e,accuracy_e,alpha,3.0881093227291e-05
sub001,closed,absolute,Brodmann,fast,rt,alpha,2.84865710369538e-05
sub001,closed,absolute,Brodmann,slow,rt,alpha,2.85429347444079e-05
sub002,open,visual power,Brodmann,correct,accuracy,alpha,-0.10550285027955
sub002,open,visual power,Brodmann,incorrect,accuracy,alpha,0.136775188289081
sub002,open,visual power,Brodmann,correct_e,accuracy_e,alpha,-0.0845772363982828
sub002,open,visual power,Brodmann,incorrect_e,accuracy_e,alpha,0.136775188289081
sub002,open,visual power,Brodmann,fast,rt,alpha,0.0535115732271446
sub002,open,visual power,Brodmann,slow,rt,alpha,-0.222783916344366
sub002,open,somato lateralisation index,max,correct,accuracy,alpha,0.0539344242011481
sub002,open,somato lateralisation index,max,incorrect,accuracy,alpha,0.0549630025867609
sub002,open,somato lateralisation index,max,correct_e,accuracy_e,alpha,0.111919225593919
sub002,open,somato lateralisation index,max,incorrect_e,accuracy_e,alpha,0.0549630025867609
sub002,open,somato lateralisation index,max,fast,rt,alpha,0.0580672764650188
sub002,open,somato lateralisation index,max,slow,rt,alpha,0.0666371742565805
sub002,open,absolute,Brodmann,correct,accuracy,alpha,3.32905961051024e-06
sub002,open,absolute,Brodmann,incorrect,accuracy,alpha,4.27213739890453e-06
sub002,open,absolute,Brodmann,correct_e,accuracy_e,alpha,2.98806533570334e-06
sub002,open,absolute,Brodmann,incorrect_e,accuracy_e,alpha,4.27213739890453e-06
sub002,open,absolute,Brodmann,fast,rt,alpha,3.44387063962879e-06
sub002,open,absolute,Brodmann,slow,rt,alpha,3.20462665003333e-06
sub002,closed,visual power,Brodmann,correct,accuracy,alpha,0.141364094121103
sub002,closed,visual power,Brodmann,incorrect,accuracy,alpha,0.330498103071208
sub002,closed,visual power,Brodmann,correct_e,accuracy_e,alpha,0.21073580287643
sub002,closed,visual power,Brodmann,incorrect_e,accuracy_e,alpha,0.330498103071208
sub002,closed,visual power,Brodmann,fast,rt,alpha,0.163954302123883
sub002,closed,visual power,Brodmann,slow,rt,alpha,0.142577790267161
sub002,closed,somato lateralisation index,max,correct,accuracy,alpha,0.0404768353003236
sub002,closed,somato lateralisation index,max,incorrect,accuracy,alpha,0.0620605213002067
sub002,closed,somato lateralisation index,max,correct_e,accuracy_e,alpha,0.0271084193172566
sub002,closed,somato lateralisation index,max,incorrect_e,accuracy_e,alpha,0.0620605213002067
sub002,closed,somato lateralisation index,max,fast,rt,alpha,0.102089749798864
sub002,closed,somato lateralisation index,max,slow,rt,alpha,0.0108113875842168
sub002,closed,absolute,Brodmann,correct,accuracy,alpha,1.33442413471167e-05
sub002,closed,absolute,Brodmann,incorrect,accuracy,alpha,1.39510410264969e-05
sub002,closed,absolute,Brodmann,correct_e,accuracy_e,alpha,1.3953391679526e-05
sub002,closed,absolute,Brodmann,incorrect_e,accuracy_e,alpha,1.39510410264969e-05
sub002,closed,absolute,Brodmann,fast,rt,alpha,1.24790942465643e-05
sub002,closed,absolute,Brodmann,slow,rt,alpha,1.43876460466083e-05
sub003,open,visual power,Brodmann,correct,accuracy,alpha,0.10995918686312
sub003,open,visual power,Brodmann,incorrect,accuracy,alpha,0.204578007652865
sub003,open,visual power,Brodmann,correct_e,accuracy_e,alpha,0.101346828297208
sub003,open,visual power,Brodmann,incorrect_e,accuracy_e,alpha,0.204578007652865
sub003,open,visual power,Brodmann,fast,rt,alpha,0.188580477553402
sub003,open,visual power,Brodmann,slow,rt,alpha,0.0201277247144982
sub003,open,somato lateralisation index,max,correct,accuracy,alpha,0.141865525461847
sub003,open,somato lateralisation index,max,incorrect,accuracy,alpha,-0.0521947947858897
sub003,open,somato lateralisation index,max,correct_e,accuracy_e,alpha,0.195977318318887
sub003,open,somato lateralisation index,max,incorrect_e,accuracy_e,alpha,-0.0521947947858897
sub003,open,somato lateralisation index,max,fast,rt,alpha,0.0984931924300619
sub003,open,somato lateralisation index,max,slow,rt,alpha,0.177787484658433
sub003,open,absolute,Brodmann,correct,accuracy,alpha,4.7355325146395e-06
sub003,open,absolute,Brodmann,incorrect,accuracy,alpha,4.87690323208869e-06
sub003,open,absolute,Brodmann,correct_e,accuracy_e,alpha,4.50353160355034e-06
sub003,open,absolute,Brodmann,incorrect_e,accuracy_e,alpha,4.87690323208869e-06
sub003,open,absolute,Brodmann,fast,rt,alpha,4.97806917001998e-06
sub003,open,absolute,Brodmann,slow,rt,alpha,4.39231948415636e-06
sub003,closed,visual power,Brodmann,correct,accuracy,alpha,0.0125779594626797
sub003,closed,visual power,Brodmann,incorrect,accuracy,alpha,-0.0737609983009563
sub003,closed,visual power,Brodmann,correct_e,accuracy_e,alpha,-0.0105102062376634
sub003,closed,visual power,Brodmann,incorrect_e,accuracy_e,alpha,-0.0737609983009563
sub003,closed,visual power,Brodmann,fast,rt,alpha,0.00723388588661764
sub003,closed,visual power,Brodmann,slow,rt,alpha,0.00880499192594194
sub003,closed,somato lateralisation index,max,correct,accuracy,alpha,0.0435389347935473
sub003,closed,somato lateralisation index,max,incorrect,accuracy,alpha,0.168125903703046
sub003,closed,somato lateralisation index,max,correct_e,accuracy_e,alpha,0.0376656670631689
sub003,closed,somato lateralisation index,max,incorrect_e,accuracy_e,alpha,0.168125903703046
sub003,closed,somato lateralisation index,max,fast,rt,alpha,-0.0656813359381099
sub003,closed,somato lateralisation index,max,slow,rt,alpha,0.140156943959296
sub003,closed,absolute,Brodmann,correct,accuracy,alpha,9.55293769094437e-06
sub003,closed,absolute,Brodmann,incorrect,accuracy,alpha,9.76288358264192e-06
sub003,closed,absolute,Brodmann,correct_e,accuracy_e,alpha,8.95571844926447e-06
sub003,closed,absolute,Brodmann,incorrect_e,accuracy_e,alpha,9.76288358264192e-06
sub003,closed,absolute,Brodmann,fast,rt,alpha,9.9051415898024e-06
sub003,closed,absolute,Brodmann,slow,rt,alpha,9.21702013954005e-06
sub004,open,visual power,Brodmann,correct,accuracy,alpha,0.274873578527973
sub004,open,visual power,Brodmann,incorrect,accuracy,alpha,0.0322986000011868
sub004,open,visual power,Brodmann,correct_e,accuracy_e,alpha,0.400225295649067
sub004,open,visual power,Brodmann,incorrect_e,accuracy_e,alpha,0.0322986000011868
sub004,open,visual power,Brodmann,fast,rt,alpha,0.392003733219418
sub004,open,visual power,Brodmann,slow,rt,alpha,0.267559326997074
sub004,open,somato lateralisation index,max,correct,accuracy,alpha,0.143189930969235
sub004,open,somato lateralisation index,max,incorrect,accuracy,alpha,0.182520551368416
sub004,open,somato lateralisation index,max,correct_e,accuracy_e,alpha,0.0392894352691293
sub004,open,somato lateralisation index,max,incorrect_e,accuracy_e,alpha,0.182520551368416
sub004,open,somato lateralisation index,max,fast,rt,alpha,0.331338585289031
sub004,open,somato lateralisation index,max,slow,rt,alpha,-0.0155921426227835
sub004,open,absolute,Brodmann,correct,accuracy,alpha,4.00333715757684e-06
sub004,open,absolute,Brodmann,incorrect,accuracy,alpha,3.51636328053842e-06
sub004,open,absolute,Brodmann,correct_e,accuracy_e,alpha,4.05713527119749e-06
sub004,open,absolute,Brodmann,incorrect_e,accuracy_e,alpha,3.51636328053842e-06
sub004,open,absolute,Brodmann,fast,rt,alpha,4.18198564388215e-06
sub004,open,absolute,Brodmann,slow,rt,alpha,3.98002211083322e-06
sub004,closed,visual power,Brodmann,correct,accuracy,alpha,0.277427696672436
sub004,closed,visual power,Brodmann,incorrect,accuracy,alpha,0.14675708274406
sub004,closed,visual power,Brodmann,correct_e,accuracy_e,alpha,0.33272316589857
sub004,closed,visual power,Brodmann,incorrect_e,accuracy_e,alpha,0.14675708274406
sub004,closed,visual power,Brodmann,fast,rt,alpha,0.213967963532504
sub004,closed,visual power,Brodmann,slow,rt,alpha,0.372436103476473
sub004,closed,somato lateralisation index,max,correct,accuracy,alpha,0.114918406548811
sub004,closed,somato lateralisation index,max,incorrect,accuracy,alpha,0.280458909815364
sub004,closed,somato lateralisation index,max,correct_e,accuracy_e,alpha,0.0659497350912776
sub004,closed,somato lateralisation index,max,incorrect_e,accuracy_e,alpha,0.280458909815364
sub004,closed,somato lateralisation index,max,fast,rt,alpha,0.0733625826193518
sub004,closed,somato lateralisation index,max,slow,rt,alpha,0.135986748556443
sub004,closed,absolute,Brodmann,correct,accuracy,alpha,9.59134642344512e-06
sub004,closed,absolute,Brodmann,incorrect,accuracy,alpha,9.37356673549638e-06
sub004,closed,absolute,Brodmann,correct_e,accuracy_e,alpha,9.61706058542932e-06
sub004,closed,absolute,Brodmann,incorrect_e,accuracy_e,alpha,9.37356673549638e-06
sub004,closed,absolute,Brodmann,fast,rt,alpha,9.09055446956073e-06
sub004,closed,absolute,Brodmann,slow,rt,alpha,1.00938606198909e-05
sub005,open,visual power,Brodmann,correct,accuracy,alpha,0.261453892336817
sub005,open,visual power,Brodmann,incorrect,accuracy,alpha,0.155540684948408
sub005,open,visual power,Brodmann,correct_e,accuracy_e,alpha,0.284100716993758
sub005,open,visual power,Brodmann,incorrect_e,accuracy_e,alpha,0.155540684948408
sub005,open,visual power,Brodmann,fast,rt,alpha,0.238977869284341
sub005,open,visual power,Brodmann,slow,rt,alpha,0.339106778457475
sub005,open,somato lateralisation index,max,correct,accuracy,alpha,-0.00971496159396781
sub005,open,somato lateralisation index,max,incorrect,accuracy,alpha,0.108557836328683
sub005,open,somato lateralisation index,max,correct_e,accuracy_e,alpha,9.10643815516805e-05
sub005,open,somato lateralisation index,max,incorrect_e,accuracy_e,alpha,0.108557836328683
sub005,open,somato lateralisation index,max,fast,rt,alpha,0.0629890577643024
sub005,open,somato lateralisation index,max,slow,rt,alpha,-0.105979973072871
sub005,open,absolute,Brodmann,correct,accuracy,alpha,3.26617156529883e-06
sub005,open,absolute,Brodmann,incorrect,accuracy,alpha,2.90721765383655e-06
sub005,open,absolute,Brodmann,correct_e,accuracy_e,alpha,3.26813233541239e-06
sub005,open,absolute,Brodmann,incorrect_e,accuracy_e,alpha,2.90721765383655e-06
sub005,open,absolute,Brodmann,fast,rt,alpha,3.47721220124121e-06
sub005,open,absolute,Brodmann,slow,rt,alpha,3.15396472253034e-06
sub005,closed,visual power,Brodmann,correct,accuracy,alpha,-0.312782198214623
sub005,closed,visual power,Brodmann,incorrect,accuracy,alpha,-0.374721814411544
sub005,closed,visual power,Brodmann,correct_e,accuracy_e,alpha,-0.311792696409035
sub005,closed,visual power,Brodmann,incorrect_e,accuracy_e,alpha,-0.374721814411544
sub005,closed,visual power,Brodmann,fast,rt,alpha,-0.263996082187867
sub005,closed,visual power,Brodmann,slow,rt,alpha,-0.373898997258943
sub005,closed,somato lateralisation index,max,correct,accuracy,alpha,-0.0470968334126026
sub005,closed,somato lateralisation index,max,incorrect,accuracy,alpha,0.0965843682279527
sub005,closed,somato lateralisation index,max,correct_e,accuracy_e,alpha,0.000856402155660698
sub005,closed,somato lateralisation index,max,incorrect_e,accuracy_e,alpha,0.0965843682279527
sub005,closed,somato lateralisation index,max,fast,rt,alpha,0.00885444148809523
sub005,closed,somato lateralisation index,max,slow,rt,alpha,-0.113990701303727
sub005,closed,absolute,Brodmann,correct,accuracy,alpha,9.10085119367899e-06
sub005,closed,absolute,Brodmann,incorrect,accuracy,alpha,8.60581658688012e-06
sub005,closed,absolute,Brodmann,correct_e,accuracy_e,alpha,9.2247429040209e-06
sub005,closed,absolute,Brodmann,incorrect_e,accuracy_e,alpha,8.60581658688012e-06
sub005,closed,absolute,Brodmann,fast,rt,alpha,9.62023197455912e-06
sub005,closed,absolute,Brodmann,slow,rt,alpha,8.55546042601006e-06
sub006,open,visual power,Brodmann,correct,accuracy,alpha,0.487060966204418
sub006,open,visual power,Brodmann,incorrect,accuracy,alpha,0.586112358114949
sub006,open,visual power,Brodmann,correct_e,accuracy_e,alpha,0.677500617012124
sub006,open,visual power,Brodmann,incorrect_e,accuracy_e,alpha,0.586112358114949
sub006,open,visual power,Brodmann,fast,rt,alpha,0.479452354439401
sub006,open,visual power,Brodmann,slow,rt,alpha,0.58685250326032
sub006,open,somato lateralisation index,max,correct,accuracy,alpha,0.089574934091494
sub006,open,somato lateralisation index,max,incorrect,accuracy,alpha,0.14510511114162
sub006,open,somato lateralisation index,max,correct_e,accuracy_e,alpha,0.147651910545962
sub006,open,somato lateralisation index,max,incorrect_e,accuracy_e,alpha,0.14510511114162
sub006,open,somato lateralisation index,max,fast,rt,alpha,0.11871394663673
sub006,open,somato lateralisation index,max,slow,rt,alpha,0.0266279782455198
sub006,open,absolute,Brodmann,correct,accuracy,alpha,5.31818431331149e-06
sub006,open,absolute,Brodmann,incorrect,accuracy,alpha,5.63798807723936e-06
sub006,open,absolute,Brodmann,correct_e,accuracy_e,alpha,5.19011831205386e-06
sub006,open,absolute,Brodmann,incorrect_e,accuracy_e,alpha,5.63798807723936e-06
sub006,open,absolute,Brodmann,fast,rt,alpha,5.02621917608535e-06
sub006,open,absolute,Brodmann,slow,rt,alpha,5.72264370556204e-06
sub006,closed,visual power,Brodmann,correct,accuracy,alpha,0.0187019679276975
sub006,closed,visual power,Brodmann,incorrect,accuracy,alpha,0.135555843325973
sub006,closed,visual power,Brodmann,correct_e,accuracy_e,alpha,0.0268724704127404
sub006,closed,visual power,Brodmann,incorrect_e,accuracy_e,alpha,0.135555843325973
sub006,closed,visual power,Brodmann,fast,rt,alpha,-0.00486881038622824
sub006,closed,visual power,Brodmann,slow,rt,alpha,0.0469768186755676
sub006,closed,somato lateralisation index,max,correct,accuracy,alpha,0.124944466094164
sub006,closed,somato lateralisation index,max,incorrect,accuracy,alpha,0.181941482028826
sub006,closed,somato lateralisation index,max,correct_e,accuracy_e,alpha,0.103531403288205
sub006,closed,somato lateralisation index,max,incorrect_e,accuracy_e,alpha,0.181941482028826
sub006,closed,somato lateralisation index,max,fast,rt,alpha,0.127673312615384
sub006,closed,somato lateralisation index,max,slow,rt,alpha,0.148211178782942
sub006,closed,absolute,Brodmann,correct,accuracy,alpha,6.56911719910175e-06
sub006,closed,absolute,Brodmann,incorrect,accuracy,alpha,6.0737900148684e-06
sub006,closed,absolute,Brodmann,correct_e,accuracy_e,alpha,6.78944699371887e-06
sub006,closed,absolute,Brodmann,incorrect_e,accuracy_e,alpha,6.0737900148684e-06
sub006,closed,absolute,Brodmann,fast,rt,alpha,6.7146464496266e-06
sub006,closed,absolute,Brodmann,slow,rt,alpha,6.43065129916778e-06
sub007,open,visual power,Brodmann,correct,accuracy,alpha,-0.415788387074604
sub007,open,visual power,Brodmann,incorrect,accuracy,alpha,-0.289325826870196
sub007,open,visual power,Brodmann,correct_e,accuracy_e,alpha,-0.423224648775479
sub007,open,visual power,Brodmann,incorrect_e,accuracy_e,alpha,-0.289325826870196
sub007,open,visual power,Brodmann,fast,rt,alpha,-0.461882537686377
sub007,open,visual power,Brodmann,slow,rt,alpha,-0.292399889712752
sub007,open,somato lateralisation index,max,correct,accuracy,alpha,0.0239501722645836
sub007,open,somato lateralisation index,max,incorrect,accuracy,alpha,-0.0798335401721473
sub007,open,somato lateralisation index,max,correct_e,accuracy_e,alpha,0.0136883330311617
sub007,open,somato lateralisation index,max,incorrect_e,accuracy_e,alpha,-0.0798335401721473
sub007,open,somato lateralisation index,max,fast,rt,alpha,0.03411264633024
sub007,open,somato lateralisation index,max,slow,rt,alpha,0.028099893573153
sub007,open,absolute,Brodmann,correct,accuracy,alpha,1.50806886190035e-07
sub007,open,absolute,Brodmann,incorrect,accuracy,alpha,1.68394923391263e-07
sub007,open,absolute,Brodmann,correct_e,accuracy_e,alpha,1.47797549806273e-07
sub007,open,absolute,Brodmann,incorrect_e,accuracy_e,alpha,1.68394923391263e-07
sub007,open,absolute,Brodmann,fast,rt,alpha,1.38795424596352e-07
sub007,open,absolute,Brodmann,slow,rt,alpha,1.68021091418301e-07
sub007,closed,visual power,Brodmann,correct,accuracy,alpha,-0.451737147562984
sub007,closed,visual power,Brodmann,incorrect,accuracy,alpha,-0.444837646722343
sub007,closed,visual power,Brodmann,correct_e,accuracy_e,alpha,-0.45798840916395
sub007,closed,visual power,Brodmann,incorrect_e,accuracy_e,alpha,-0.444837646722343
sub007,closed,visual power,Brodmann,fast,rt,alpha,-0.384408745500963
sub007,closed,visual power,Brodmann,slow,rt,alpha,-0.49937044365292
sub007,closed,somato lateralisation index,max,correct,accuracy,alpha,0.0822849547676943
sub007,closed,somato lateralisation index,max,incorrect,accuracy,alpha,0.0281626776762594
sub007,closed,somato lateralisation index,max,correct_e,accuracy_e,alpha,0.0508445442037583
sub007,closed,somato lateralisation index,max,incorrect_e,accuracy_e,alpha,0.0281626776762594
sub007,closed,somato lateralisation index,max,fast,rt,alpha,0.127179248195985
sub007,closed,somato lateralisation index,max,slow,rt,alpha,0.0815113739981672
sub007,closed,absolute,Brodmann,correct,accuracy,alpha,3.25393910985501e-07
sub007,closed,absolute,Brodmann,incorrect,accuracy,alpha,2.4776138742101e-07
sub007,closed,absolute,Brodmann,correct_e,accuracy_e,alpha,2.98418299731602e-07
sub007,closed,absolute,Brodmann,incorrect_e,accuracy_e,alpha,2.4776138742101e-07
sub007,closed,absolute,Brodmann,fast,rt,alpha,3.59875171311659e-07
sub007,closed,absolute,Brodmann,slow,rt,alpha,3.19652780429874e-07
sub008,open,visual power,Brodmann,correct,accuracy,alpha,0.332197376951294
sub008,open,visual power,Brodmann,incorrect,accuracy,alpha,0.0465783267980259
sub008,open,visual power,Brodmann,correct_e,accuracy_e,alpha,1.13546508129125
sub008,open,visual power,Brodmann,incorrect_e,accuracy_e,alpha,0.0465783267980259
sub008,open,visual power,Brodmann,fast,rt,alpha,0.219541484137509
sub008,open,visual power,Brodmann,slow,rt,alpha,0.463966956919874
sub008,open,somato lateralisation index,max,correct,accuracy,alpha,-0.0707429822363803
sub008,open,somato lateralisation index,max,incorrect,accuracy,alpha,0.108091833531504
sub008,open,somato lateralisation index,max,correct_e,accuracy_e,alpha,-0.355279679216915
sub008,open,somato lateralisation index,max,incorrect_e,accuracy_e,alpha,0.108091833531504
sub008,open,somato lateralisation index,max,fast,rt,alpha,-0.0820831075867711
sub008,open,somato lateralisation index,max,slow,rt,alpha,-0.067334736675007
sub008,open,absolute,Brodmann,correct,accuracy,alpha,8.41876726012379e-06
sub008,open,absolute,Brodmann,incorrect,accuracy,alpha,5.27677094071195e-06
sub008,open,absolute,Brodmann,correct_e,accuracy_e,alpha,1.40218002704489e-05
sub008,open,absolute,Brodmann,incorrect_e,accuracy_e,alpha,5.27677094071195e-06
sub008,open,absolute,Brodmann,fast,rt,alpha,7.80868842539427e-06
sub008,open,absolute,Brodmann,slow,rt,alpha,9.33252317024258e-06
sub008,closed,visual power,Brodmann,correct,accuracy,alpha,-0.296865007602066
sub008,closed,visual power,Brodmann,incorrect,accuracy,alpha,-0.428695744342815
sub008,closed,visual power,Brodmann,correct_e,accuracy_e,alpha,-0.0483905500513277
sub008,closed,visual power,Brodmann,incorrect_e,accuracy_e,alpha,-0.428695744342815
sub008,closed,visual power,Brodmann,fast,rt,alpha,-0.300069065065762
sub008,closed,visual power,Brodmann,slow,rt,alpha,-0.305552545200725
sub008,closed,somato lateralisation index,max,correct,accuracy,alpha,0.010332347558148
sub008,closed,somato lateralisation index,max,incorrect,accuracy,alpha,0.106806317520609
sub008,closed,somato lateralisation index,max,correct_e,accuracy_e,alpha,-0.0612118327430471
sub008,closed,somato lateralisation index,max,incorrect_e,accuracy_e,alpha,0.106806317520609
sub008,closed,somato lateralisation index,max,fast,rt,alpha,-3.02058050254571e-05
sub008,closed,somato lateralisation index,max,slow,rt,alpha,-0.00157015378952403
sub008,closed,absolute,Brodmann,correct,accuracy,alpha,8.25437070763534e-06
sub008,closed,absolute,Brodmann,incorrect,accuracy,alpha,7.28340737823599e-06
sub008,closed,absolute,Brodmann,correct_e,accuracy_e,alpha,1.11940849590473e-05
sub008,closed,absolute,Brodmann,incorrect_e,accuracy_e,alpha,7.28340737823599e-06
sub008,closed,absolute,Brodmann,fast,rt,alpha,8.55337947495382e-06
sub008,closed,absolute,Brodmann,slow,rt,alpha,7.85962253653056e-06
sub009,open,visual power,Brodmann,correct,accuracy,alpha,0.0166570976780953
sub009,open,visual power,Brodmann,incorrect,accuracy,alpha,-0.00756549974995965
sub009,open,visual power,Brodmann,correct_e,accuracy_e,alpha,-0.133422461559993
sub009,open,visual power,Brodmann,incorrect_e,accuracy_e,alpha,-0.00756549974995965
sub009,open,visual power,Brodmann,fast,rt,alpha,0.0289931500939043
sub009,open,visual power,Brodmann,slow,rt,alpha,0.0283632513389885
sub009,open,somato lateralisation index,max,correct,accuracy,alpha,0.211899288955201
sub009,open,somato lateralisation index,max,incorrect,accuracy,alpha,0.344674712682237
sub009,open,somato lateralisation index,max,correct_e,accuracy_e,alpha,0.172923241951556
sub009,open,somato lateralisation index,max,incorrect_e,accuracy_e,alpha,0.344674712682237
sub009,open,somato lateralisation index,max,fast,rt,alpha,0.254128133386755
sub009,open,somato lateralisation index,max,slow,rt,alpha,0.156107454616477
sub009,open,absolute,Brodmann,correct,accuracy,alpha,1.05047574215081e-05
sub009,open,absolute,Brodmann,incorrect,accuracy,alpha,1.01688271664544e-05
sub009,open,absolute,Brodmann,correct_e,accuracy_e,alpha,9.22094945414033e-06
sub009,open,absolute,Brodmann,incorrect_e,accuracy_e,alpha,1.01688271664544e-05
sub009,open,absolute,Brodmann,fast,rt,alpha,9.94803595522548e-06
sub009,open,absolute,Brodmann,slow,rt,alpha,1.11769780252783e-05
sub009,closed,visual power,Brodmann,correct,accuracy,alpha,-0.206626186319074
sub009,closed,visual power,Brodmann,incorrect,accuracy,alpha,-0.206372873841855
sub009,closed,visual power,Brodmann,correct_e,accuracy_e,alpha,-0.13460326218901
sub009,closed,visual power,Brodmann,incorrect_e,accuracy_e,alpha,-0.206372873841855
sub009,closed,visual power,Brodmann,fast,rt,alpha,-0.160570173682599
sub009,closed,visual power,Brodmann,slow,rt,alpha,-0.250586112417776
sub009,closed,somato lateralisation index,max,correct,accuracy,alpha,0.176142821904407
sub009,closed,somato lateralisation index,max,incorrect,accuracy,alpha,0.0731835318865657
sub009,closed,somato lateralisation index,max,correct_e,accuracy_e,alpha,0.0852678319385965
sub009,closed,somato lateralisation index,max,incorrect_e,accuracy_e,alpha,0.0731835318865657
sub009,closed,somato lateralisation index,max,fast,rt,alpha,0.272075943739271
sub009,closed,somato lateralisation index,max,slow,rt,alpha,0.105072980333421
sub009,closed,absolute,Brodmann,correct,accuracy,alpha,1.59076917605426e-05
sub009,closed,absolute,Brodmann,incorrect,accuracy,alpha,1.52919575594918e-05
sub009,closed,absolute,Brodmann,correct_e,accuracy_e,alpha,1.68919780046383e-05
sub009,closed,absolute,Brodmann,incorrect_e,accuracy_e,alpha,1.52919575594918e-05
sub009,closed,absolute,Brodmann,fast,rt,alpha,1.66109699139995e-05
sub009,closed,absolute,Brodmann,slow,rt,alpha,1.53774454510663e-05
sub010,open,visual power,Brodmann,correct,accuracy,alpha,0.226806231815542
sub010,open,visual power,Brodmann,incorrect,accuracy,alpha,-0.0214230485084004
sub010,open,visual power,Brodmann,correct_e,accuracy_e,alpha,0.183377038785335
sub010,open,visual power,Brodmann,incorrect_e,accuracy_e,alpha,-0.0214230485084004
sub010,open,visual power,Brodmann,fast,rt,alpha,0.365985130522546
sub010,open,visual power,Brodmann,slow,rt,alpha,0.105566774724879
sub010,open,somato lateralisation index,max,correct,accuracy,alpha,0.286736268108362
sub010,open,somato lateralisation index,max,incorrect,accuracy,alpha,0.481637334549065
sub010,open,somato lateralisation index,max,correct_e,accuracy_e,alpha,0.306029463868671
sub010,open,somato lateralisation index,max,incorrect_e,accuracy_e,alpha,0.481637334549065
sub010,open,somato lateralisation index,max,fast,rt,alpha,0.2913906949634
sub010,open,somato lateralisation index,max,slow,rt,alpha,0.313648564364761
sub010,open,absolute,Brodmann,correct,accuracy,alpha,1.25806224078772e-05
sub010,open,absolute,Brodmann,incorrect,accuracy,alpha,1.06985913695786e-05
sub010,open,absolute,Brodmann,correct_e,accuracy_e,alpha,1.16049874132382e-05
sub010,open,absolute,Brodmann,incorrect_e,accuracy_e,alpha,1.06985913695786e-05
sub010,open,absolute,Brodmann,fast,rt,alpha,1.33708041415767e-05
sub010,open,absolute,Brodmann,slow,rt,alpha,1.19588208673287e-05
sub010,closed,visual power,Brodmann,correct,accuracy,alpha,-0.303124303900004
sub010,closed,visual power,Brodmann,incorrect,accuracy,alpha,-0.296133084949258
sub010,closed,visual power,Brodmann,correct_e,accuracy_e,alpha,-0.286783219300574
sub010,closed,visual power,Brodmann,incorrect_e,accuracy_e,alpha,-0.296133084949258
sub010,closed,visual power,Brodmann,fast,rt,alpha,-0.293738616621868
sub010,closed,visual power,Brodmann,slow,rt,alpha,-0.31626827518715
sub010,closed,somato lateralisation index,max,correct,accuracy,alpha,0.708824500381716
sub010,closed,somato lateralisation index,max,incorrect,accuracy,alpha,-0.0738770027332519
sub010,closed,somato lateralisation index,max,correct_e,accuracy_e,alpha,0.575164121253307
sub010,closed,somato lateralisation index,max,incorrect_e,accuracy_e,alpha,-0.0738770027332519
sub010,closed,somato lateralisation index,max,fast,rt,alpha,0.75794679983168
sub010,closed,somato lateralisation index,max,slow,rt,alpha,0.720755742905071
sub010,closed,absolute,Brodmann,correct,accuracy,alpha,2.79370117928292e-05
sub010,closed,absolute,Brodmann,incorrect,accuracy,alpha,2.58265459199282e-05
sub010,closed,absolute,Brodmann,correct_e,accuracy_e,alpha,2.85350079184411e-05
sub010,closed,absolute,Brodmann,incorrect_e,accuracy_e,alpha,2.58265459199282e-05
sub010,closed,absolute,Brodmann,fast,rt,alpha,2.7155503836745e-05
sub010,closed,absolute,Brodmann,slow,rt,alpha,2.8800545887358e-05
sub011,open,visual power,Brodmann,correct,accuracy,alpha,1.27860426613514
sub011,open,visual power,Brodmann,incorrect,accuracy,alpha,2.09134158797202
sub011,open,visual power,Brodmann,correct_e,accuracy_e,alpha,1.4234549968011
sub011,open,visual power,Brodmann,incorrect_e,accuracy_e,alpha,2.09134158797202
sub011,open,visual power,Brodmann,fast,rt,alpha,1.52387396059834
sub011,open,visual power,Brodmann,slow,rt,alpha,1.10876806208779
sub011,open,somato lateralisation index,max,correct,accuracy,alpha,0.203231852901731
sub011,open,somato lateralisation index,max,incorrect,accuracy,alpha,-0.106251691426198
sub011,open,somato lateralisation index,max,correct_e,accuracy_e,alpha,0.283157851759822
sub011,open,somato lateralisation index,max,incorrect_e,accuracy_e,alpha,-0.106251691426198
sub011,open,somato lateralisation index,max,fast,rt,alpha,0.254320472060638
sub011,open,somato lateralisation index,max,slow,rt,alpha,0.179458631656147
sub011,open,absolute,Brodmann,correct,accuracy,alpha,6.65844425610738e-06
sub011,open,absolute,Brodmann,incorrect,accuracy,alpha,6.2310992999101e-06
sub011,open,absolute,Brodmann,correct_e,accuracy_e,alpha,8.27859911536174e-06
sub011,open,absolute,Brodmann,incorrect_e,accuracy_e,alpha,6.2310992999101e-06
sub011,open,absolute,Brodmann,fast,rt,alpha,6.6410126831191e-06
sub011,open,absolute,Brodmann,slow,rt,alpha,6.8403901380729e-06
sub011,closed,visual power,Brodmann,correct,accuracy,alpha,-0.146009901320426
sub011,closed,visual power,Brodmann,incorrect,accuracy,alpha,-0.214751541337767
sub011,closed,visual power,Brodmann,correct_e,accuracy_e,alpha,-0.0624381264099896
sub011,closed,visual power,Brodmann,incorrect_e,accuracy_e,alpha,-0.214751541337767
sub011,closed,visual power,Brodmann,fast,rt,alpha,-0.150061801068343
sub011,closed,visual power,Brodmann,slow,rt,alpha,-0.155041402109926
sub011,closed,somato lateralisation index,max,correct,accuracy,alpha,0.119449253369988
sub011,closed,somato lateralisation index,max,incorrect,accuracy,alpha,0.245120491079954
sub011,closed,somato lateralisation index,max,correct_e,accuracy_e,alpha,0.0387745387964128
sub011,closed,somato lateralisation index,max,incorrect_e,accuracy_e,alpha,0.245120491079954
sub011,closed,somato lateralisation index,max,fast,rt,alpha,0.114331405392966
sub011,closed,somato lateralisation index,max,slow,rt,alpha,0.112306095331311
sub011,closed,absolute,Brodmann,correct,accuracy,alpha,8.07012325735282e-06
sub011,closed,absolute,Brodmann,incorrect,accuracy,alpha,7.4944551927019e-06
sub011,closed,absolute,Brodmann,correct_e,accuracy_e,alpha,7.96851550954669e-06
sub011,closed,absolute,Brodmann,incorrect_e,accuracy_e,alpha,7.4944551927019e-06
sub011,closed,absolute,Brodmann,fast,rt,alpha,7.9400439705193e-06
sub011,closed,absolute,Brodmann,slow,rt,alpha,8.06781352793233e-06
sub012,open,visual power,Brodmann,correct,accuracy,alpha,0.213048568914283
sub012,open,visual power,Brodmann,incorrect,accuracy,alpha,0.577842798858386
sub012,open,visual power,Brodmann,correct_e,accuracy_e,alpha,0.223208481560332
sub012,open,visual power,Brodmann,incorrect_e,accuracy_e,alpha,0.577842798858386
sub012,open,visual power,Brodmann,fast,rt,alpha,0.286530626539145
sub012,open,visual power,Brodmann,slow,rt,alpha,0.106921112086535
sub012,open,somato lateralisation index,max,correct,accuracy,alpha,0.185391005080754
sub012,open,somato lateralisation index,max,incorrect,accuracy,alpha,-0.0206484820139218
sub012,open,somato lateralisation index,max,correct_e,accuracy_e,alpha,-0.0340724319925803
sub012,open,somato lateralisation index,max,incorrect_e,accuracy_e,alpha,-0.0206484820139218
sub012,open,somato lateralisation index,max,fast,rt,alpha,0.196891883849741
sub012,open,somato lateralisation index,max,slow,rt,alpha,0.163963490496979
sub012,open,absolute,Brodmann,correct,accuracy,alpha,9.48049023715842e-06
sub012,open,absolute,Brodmann,incorrect,accuracy,alpha,1.08513454748684e-05
sub012,open,absolute,Brodmann,correct_e,accuracy_e,alpha,1.04239517059352e-05
sub012,open,absolute,Brodmann,incorrect_e,accuracy_e,alpha,1.08513454748684e-05
sub012,open,absolute,Brodmann,fast,rt,alpha,1.06806364751924e-05
sub012,open,absolute,Brodmann,slow,rt,alpha,8.2170702408481e-06
sub012,closed,visual power,Brodmann,correct,accuracy,alpha,-0.118986004169063
sub012,closed,visual power,Brodmann,incorrect,accuracy,alpha,-0.153391078868088
sub012,closed,visual power,Brodmann,correct_e,accuracy_e,alpha,-0.0707540665262209
sub012,closed,visual power,Brodmann,incorrect_e,accuracy_e,alpha,-0.153391078868088
sub012,closed,visual power,Brodmann,fast,rt,alpha,-0.125585327647856
sub012,closed,visual power,Brodmann,slow,rt,alpha,-0.106181244778961
sub012,closed,somato lateralisation index,max,correct,accuracy,alpha,0.0436294709922606
sub012,closed,somato lateralisation index,max,incorrect,accuracy,alpha,0.228667145403892
sub012,closed,somato lateralisation index,max,correct_e,accuracy_e,alpha,0.105099960364394
sub012,closed,somato lateralisation index,max,incorrect_e,accuracy_e,alpha,0.228667145403892
sub012,closed,somato lateralisation index,max,fast,rt,alpha,0.0983716126460508
sub012,closed,somato lateralisation index,max,slow,rt,alpha,-0.0492820535983138
sub012,closed,absolute,Brodmann,correct,accuracy,alpha,1.85820024029583e-05
sub012,closed,absolute,Brodmann,incorrect,accuracy,alpha,1.46136337740164e-05
sub012,closed,absolute,Brodmann,correct_e,accuracy_e,alpha,1.83647321049046e-05
sub012,closed,absolute,Brodmann,incorrect_e,accuracy_e,alpha,1.46136337740164e-05
sub012,closed,absolute,Brodmann,fast,rt,alpha,1.86633445103023e-05
sub012,closed,absolute,Brodmann,slow,rt,alpha,1.8919350329188e-05
sub017,open,visual power,Brodmann,correct,accuracy,alpha,0.286374760625703
sub017,open,visual power,Brodmann,incorrect,accuracy,alpha,1.18857955214457
sub017,open,visual power,Brodmann,correct_e,accuracy_e,alpha,0.0378673207087198
sub017,open,visual power,Brodmann,incorrect_e,accuracy_e,alpha,1.18857955214457
sub017,open,visual power,Brodmann,fast,rt,alpha,0.508829070395433
sub017,open,visual power,Brodmann,slow,rt,alpha,0.103841710953145
sub017,open,somato lateralisation index,max,correct,accuracy,alpha,0.162446389494484
sub017,open,somato lateralisation index,max,incorrect,accuracy,alpha,0.194594971338971
sub017,open,somato lateralisation index,max,correct_e,accuracy_e,alpha,0.343150239969716
sub017,open,somato lateralisation index,max,incorrect_e,accuracy_e,alpha,0.194594971338971
sub017,open,somato lateralisation index,max,fast,rt,alpha,0.340035324875114
sub017,open,somato lateralisation index,max,slow,rt,alpha,0.0684196205082719
sub017,open,absolute,Brodmann,correct,accuracy,alpha,2.47927269367707e-06
sub017,open,absolute,Brodmann,incorrect,accuracy,alpha,2.37499759465702e-06
sub017,open,absolute,Brodmann,correct_e,accuracy_e,alpha,2.35348898849164e-06
sub017,open,absolute,Brodmann,incorrect_e,accuracy_e,alpha,2.37499759465702e-06
sub017,open,absolute,Brodmann,fast,rt,alpha,2.81480156320456e-06
sub017,open,absolute,Brodmann,slow,rt,alpha,2.11731368071216e-06
sub017,closed,visual power,Brodmann,correct,accuracy,alpha,-0.230108382031724
sub017,closed,visual power,Brodmann,incorrect,accuracy,alpha,-0.387152152538308
sub017,closed,visual power,Brodmann,correct_e,accuracy_e,alpha,-0.283454939094738
sub017,closed,visual power,Brodmann,incorrect_e,accuracy_e,alpha,-0.387152152538308
sub017,closed,visual power,Brodmann,fast,rt,alpha,-0.20902383969395
sub017,closed,visual power,Brodmann,slow,rt,alpha,-0.274049373052545
sub017,closed,somato lateralisation index,max,correct,accuracy,alpha,0.16075181673054
sub017,closed,somato lateralisation index,max,incorrect,accuracy,alpha,0.215424406463723
sub017,closed,somato lateralisation index,max,correct_e,accuracy_e,alpha,0.129092980117893
sub017,closed,somato lateralisation index,max,incorrect_e,accuracy_e,alpha,0.215424406463723
sub017,closed,somato lateralisation index,max,fast,rt,alpha,0.158724780897051
sub017,closed,somato lateralisation index,max,slow,rt,alpha,0.160385224599499
sub017,closed,absolute,Brodmann,correct,accuracy,alpha,6.66880136763792e-06
sub017,closed,absolute,Brodmann,incorrect,accuracy,alpha,5.54204454288958e-06
sub017,closed,absolute,Brodmann,correct_e,accuracy_e,alpha,6.82060945013204e-06
sub017,closed,absolute,Brodmann,incorrect_e,accuracy_e,alpha,5.54204454288958e-06
sub017,closed,absolute,Brodmann,fast,rt,alpha,6.74708337131175e-06
sub017,closed,absolute,Brodmann,slow,rt,alpha,6.5108282280053e-06
sub018,open,visual power,Brodmann,correct,accuracy,alpha,-0.0119433840742347
sub018,open,visual power,Brodmann,incorrect,accuracy,alpha,0.0710780355076326
sub018,open,visual power,Brodmann,correct_e,accuracy_e,alpha,0.121468314500014
sub018,open,visual power,Brodmann,incorrect_e,accuracy_e,alpha,0.0710780355076326
sub018,open,visual power,Brodmann,fast,rt,alpha,-0.028673060903141
sub018,open,visual power,Brodmann,slow,rt,alpha,0.0319690013063214
sub018,open,somato lateralisation index,max,correct,accuracy,alpha,0.071351134500719
sub018,open,somato lateralisation index,max,incorrect,accuracy,alpha,0.134611498198459
sub018,open,somato lateralisation index,max,correct_e,accuracy_e,alpha,-0.0259233575578302
sub018,open,somato lateralisation index,max,incorrect_e,accuracy_e,alpha,0.134611498198459
sub018,open,somato lateralisation index,max,fast,rt,alpha,0.210464485745973
sub018,open,somato lateralisation index,max,slow,rt,alpha,-0.076322653326389
sub018,open,absolute,Brodmann,correct,accuracy,alpha,2.791926842659e-06
sub018,open,absolute,Brodmann,incorrect,accuracy,alpha,2.59145327429901e-06
sub018,open,absolute,Brodmann,correct_e,accuracy_e,alpha,2.68351221595297e-06
sub018,open,absolute,Brodmann,incorrect_e,accuracy_e,alpha,2.59145327429901e-06
sub018,open,absolute,Brodmann,fast,rt,alpha,2.72033556664937e-06
sub018,open,absolute,Brodmann,slow,rt,alpha,2.90269356057626e-06
sub018,closed,visual power,Brodmann,correct,accuracy,alpha,0.0953182905917752
sub018,closed,visual power,Brodmann,incorrect,accuracy,alpha,-0.091954853684932
sub018,closed,visual power,Brodmann,correct_e,accuracy_e,alpha,0.173298647567573
sub018,closed,visual power,Brodmann,incorrect_e,accuracy_e,alpha,-0.091954853684932
sub018,closed,visual power,Brodmann,fast,rt,alpha,0.141991047474457
sub018,closed,visual power,Brodmann,slow,rt,alpha,0.0527558205831454
sub018,closed,somato lateralisation index,max,correct,accuracy,alpha,-0.0198631724712954
sub018,closed,somato lateralisation index,max,incorrect,accuracy,alpha,-0.0258540510686544
sub018,closed,somato lateralisation index,max,correct_e,accuracy_e,alpha,0.0224422743860101
sub018,closed,somato lateralisation index,max,incorrect_e,accuracy_e,alpha,-0.0258540510686544
sub018,closed,somato lateralisation index,max,fast,rt,alpha,-0.0308834889361716
sub018,closed,somato lateralisation index,max,slow,rt,alpha,-0.0218298091445372
sub018,closed,absolute,Brodmann,correct,accuracy,alpha,1.24946135247706e-06
sub018,closed,absolute,Brodmann,incorrect,accuracy,alpha,1.19071432205859e-06
sub018,closed,absolute,Brodmann,correct_e,accuracy_e,alpha,1.30557302728078e-06
sub018,closed,absolute,Brodmann,incorrect_e,accuracy_e,alpha,1.19071432205859e-06
sub018,closed,absolute,Brodmann,fast,rt,alpha,1.18367701095751e-06
sub018,closed,absolute,Brodmann,slow,rt,alpha,1.3366564057895e-06
sub020,open,visual power,Brodmann,correct,accuracy,alpha,0.156320330349367
sub020,open,visual power,Brodmann,incorrect,accuracy,alpha,0.0890939650718056
sub020,open,visual power,Brodmann,correct_e,accuracy_e,alpha,0.255948712164636
sub020,open,visual power,Brodmann,incorrect_e,accuracy_e,alpha,0.0890939650718056
sub020,open,visual power,Brodmann,fast,rt,alpha,0.0685004596985388
sub020,open,visual power,Brodmann,slow,rt,alpha,0.284040148939997
sub020,open,somato lateralisation index,max,correct,accuracy,alpha,0.308641857805897
sub020,open,somato lateralisation index,max,incorrect,accuracy,alpha,0.273961493247215
sub020,open,somato lateralisation index,max,correct_e,accuracy_e,alpha,0.294140172641651
sub020,open,somato lateralisation index,max,incorrect_e,accuracy_e,alpha,0.273961493247215
sub020,open,somato lateralisation index,max,fast,rt,alpha,0.326616153720882
sub020,open,somato lateralisation index,max,slow,rt,alpha,0.300593275955444
sub020,open,absolute,Brodmann,correct,accuracy,alpha,4.5290422258258e-06
sub020,open,absolute,Brodmann,incorrect,accuracy,alpha,4.35313376711925e-06
sub020,open,absolute,Brodmann,correct_e,accuracy_e,alpha,4.68154331659322e-06
sub020,open,absolute,Brodmann,incorrect_e,accuracy_e,alpha,4.35313376711925e-06
sub020,open,absolute,Brodmann,fast,rt,alpha,4.1575315359352e-06
sub020,open,absolute,Brodmann,slow,rt,alpha,4.90055103461872e-06
sub020,closed,visual power,Brodmann,correct,accuracy,alpha,-0.175149651846121
sub020,closed,visual power,Brodmann,incorrect,accuracy,alpha,-0.258811177948738
sub020,closed,visual power,Brodmann,correct_e,accuracy_e,alpha,-0.0806237883622681
sub020,closed,visual power,Brodmann,incorrect_e,accuracy_e,alpha,-0.258811177948738
sub020,closed,visual power,Brodmann,fast,rt,alpha,-0.216686189915195
sub020,closed,visual power,Brodmann,slow,rt,alpha,-0.105389824358644
sub020,closed,somato lateralisation index,max,correct,accuracy,alpha,0.104946995084716
sub020,closed,somato lateralisation index,max,incorrect,accuracy,alpha,0.207967398651899
sub020,closed,somato lateralisation index,max,correct_e,accuracy_e,alpha,0.233968436746767
sub020,closed,somato lateralisation index,max,incorrect_e,accuracy_e,alpha,0.207967398651899
sub020,closed,somato lateralisation index,max,fast,rt,alpha,0.040920682485069
sub020,closed,somato lateralisation index,max,slow,rt,alpha,0.163139377977229
sub020,closed,absolute,Brodmann,correct,accuracy,alpha,4.43251535219474e-06
sub020,closed,absolute,Brodmann,incorrect,accuracy,alpha,3.9288537746306e-06
sub020,closed,absolute,Brodmann,correct_e,accuracy_e,alpha,4.54726824862557e-06
sub020,closed,absolute,Brodmann,incorrect_e,accuracy_e,alpha,3.9288537746306e-06
sub020,closed,absolute,Brodmann,fast,rt,alpha,4.66715683770005e-06
sub020,closed,absolute,Brodmann,slow,rt,alpha,4.33346353935808e-06
sub021,open,visual power,Brodmann,correct,accuracy,alpha,0.330118435792034
sub021,open,visual power,Brodmann,incorrect,accuracy,alpha,0.372181747511784
sub021,open,visual power,Brodmann,correct_e,accuracy_e,alpha,0.464513796486143
sub021,open,visual power,Brodmann,incorrect_e,accuracy_e,alpha,0.372181747511784
sub021,open,visual power,Brodmann,fast,rt,alpha,0.336625610817408
sub021,open,visual power,Brodmann,slow,rt,alpha,0.284343930585511
sub021,open,somato lateralisation index,max,correct,accuracy,alpha,0.118375802324759
sub021,open,somato lateralisation index,max,incorrect,accuracy,alpha,0.102737347123455
sub021,open,somato lateralisation index,max,correct_e,accuracy_e,alpha,0.106942047131041
sub021,open,somato lateralisation index,max,incorrect_e,accuracy_e,alpha,0.102737347123455
sub021,open,somato lateralisation index,max,fast,rt,alpha,0.122934905434573
sub021,open,somato lateralisation index,max,slow,rt,alpha,0.149847039165019
sub021,open,absolute,Brodmann,correct,accuracy,alpha,3.30151384210853e-06
sub021,open,absolute,Brodmann,incorrect,accuracy,alpha,3.23178471596845e-06
sub021,open,absolute,Brodmann,correct_e,accuracy_e,alpha,3.3546504236156e-06
sub021,open,absolute,Brodmann,incorrect_e,accuracy_e,alpha,3.23178471596845e-06
sub021,open,absolute,Brodmann,fast,rt,alpha,3.51072697145102e-06
sub021,open,absolute,Brodmann,slow,rt,alpha,2.99878984304426e-06
sub021,closed,visual power,Brodmann,correct,accuracy,alpha,-0.119917391036866
sub021,closed,visual power,Brodmann,incorrect,accuracy,alpha,0.0387710301797643
sub021,closed,visual power,Brodmann,correct_e,accuracy_e,alpha,-0.0388723487506793
sub021,closed,visual power,Brodmann,incorrect_e,accuracy_e,alpha,0.0387710301797643
sub021,closed,visual power,Brodmann,fast,rt,alpha,-0.176539754964579
sub021,closed,visual power,Brodmann,slow,rt,alpha,-0.0859161967878542
sub021,closed,somato lateralisation index,max,correct,accuracy,alpha,0.0285702636042101
sub021,closed,somato lateralisation index,max,incorrect,accuracy,alpha,0.105328556114017
sub021,closed,somato lateralisation index,max,correct_e,accuracy_e,alpha,-0.0220669535335333
sub021,closed,somato lateralisation index,max,incorrect_e,accuracy_e,alpha,0.105328556114017
sub021,closed,somato lateralisation index,max,fast,rt,alpha,-0.0196934526703433
sub021,closed,somato lateralisation index,max,slow,rt,alpha,0.0746212847374199
sub021,closed,absolute,Brodmann,correct,accuracy,alpha,5.58348030473867e-06
sub021,closed,absolute,Brodmann,incorrect,accuracy,alpha,5.59130957522687e-06
sub021,closed,absolute,Brodmann,correct_e,accuracy_e,alpha,5.87883646455758e-06
sub021,closed,absolute,Brodmann,incorrect_e,accuracy_e,alpha,5.59130957522687e-06
sub021,closed,absolute,Brodmann,fast,rt,alpha,5.95154509185577e-06
sub021,closed,absolute,Brodmann,slow,rt,alpha,5.12937586918103e-06
sub022,open,visual power,Brodmann,correct,accuracy,alpha,0.500642563765012
sub022,open,visual power,Brodmann,incorrect,accuracy,alpha,0.35601266310319
sub022,open,visual power,Brodmann,correct_e,accuracy_e,alpha,0.316754926481417
sub022,open,visual power,Brodmann,incorrect_e,accuracy_e,alpha,0.35601266310319
sub022,open,visual power,Brodmann,fast,rt,alpha,0.686998239319176
sub022,open,visual power,Brodmann,slow,rt,alpha,0.365731296039683
sub022,open,somato lateralisation index,max,correct,accuracy,alpha,0.285738163847959
sub022,open,somato lateralisation index,max,incorrect,accuracy,alpha,0.306919699259099
sub022,open,somato lateralisation index,max,correct_e,accuracy_e,alpha,0.39064128542289
sub022,open,somato lateralisation index,max,incorrect_e,accuracy_e,alpha,0.306919699259099
sub022,open,somato lateralisation index,max,fast,rt,alpha,0.119736196331491
sub022,open,somato lateralisation index,max,slow,rt,alpha,0.359395620744803
sub022,open,absolute,Brodmann,correct,accuracy,alpha,3.79141190240407e-06
sub022,open,absolute,Brodmann,incorrect,accuracy,alpha,3.58978097257145e-06
sub022,open,absolute,Brodmann,correct_e,accuracy_e,alpha,3.54511471294138e-06
sub022,open,absolute,Brodmann,incorrect_e,accuracy_e,alpha,3.58978097257145e-06
sub022,open,absolute,Brodmann,fast,rt,alpha,4.07192029779912e-06
sub022,open,absolute,Brodmann,slow,rt,alpha,3.58290492895747e-06
sub022,closed,visual power,Brodmann,correct,accuracy,alpha,0.0613658654916286
sub022,closed,visual power,Brodmann,incorrect,accuracy,alpha,-0.209547841467276
sub022,closed,visual power,Brodmann,correct_e,accuracy_e,alpha,0.102645920683936
sub022,closed,visual power,Brodmann,incorrect_e,accuracy_e,alpha,-0.209547841467276
sub022,closed,visual power,Brodmann,fast,rt,alpha,0.0537502953947354
sub022,closed,visual power,Brodmann,slow,rt,alpha,0.064616060078595
sub022,closed,somato lateralisation index,max,correct,accuracy,alpha,0.182544509207217
sub022,closed,somato lateralisation index,max,incorrect,accuracy,alpha,0.254481764729263
sub022,closed,somato lateralisation index,max,correct_e,accuracy_e,alpha,0.0743659796877974
sub022,closed,somato lateralisation index,max,incorrect_e,accuracy_e,alpha,0.254481764729263
sub022,closed,somato lateralisation index,max,fast,rt,alpha,0.169283235427815
sub022,closed,somato lateralisation index,max,slow,rt,alpha,0.186433891790901
sub022,closed,absolute,Brodmann,correct,accuracy,alpha,1.21021036778173e-05
sub022,closed,absolute,Brodmann,incorrect,accuracy,alpha,9.92932609161499e-06
sub022,closed,absolute,Brodmann,correct_e,accuracy_e,alpha,1.13265095629454e-05
sub022,closed,absolute,Brodmann,incorrect_e,accuracy_e,alpha,9.92932609161499e-06
sub022,closed,absolute,Brodmann,fast,rt,alpha,1.20990470272872e-05
sub022,closed,absolute,Brodmann,slow,rt,alpha,1.21676659733843e-05
sub023,open,visual power,Brodmann,correct,accuracy,alpha,0.101714097835421
sub023,open,visual power,Brodmann,incorrect,accuracy,alpha,0.0123364100606667
sub023,open,visual power,Brodmann,correct_e,accuracy_e,alpha,-0.281600148242048
sub023,open,visual power,Brodmann,incorrect_e,accuracy_e,alpha,0.0123364100606667
sub023,open,visual power,Brodmann,fast,rt,alpha,0.117164388231612
sub023,open,visual power,Brodmann,slow,rt,alpha,0.0696720605789623
sub023,open,somato lateralisation index,max,correct,accuracy,alpha,0.235458460545391
sub023,open,somato lateralisation index,max,incorrect,accuracy,alpha,-0.158473004268091
sub023,open,somato lateralisation index,max,correct_e,accuracy_e,alpha,0.238258811906856
sub023,open,somato lateralisation index,max,incorrect_e,accuracy_e,alpha,-0.158473004268091
sub023,open,somato lateralisation index,max,fast,rt,alpha,0.204217229994953
sub023,open,somato lateralisation index,max,slow,rt,alpha,0.25207854896101
sub023,open,absolute,Brodmann,correct,accuracy,alpha,3.60799249518376e-06
sub023,open,absolute,Brodmann,incorrect,accuracy,alpha,3.06663567532253e-06
sub023,open,absolute,Brodmann,correct_e,accuracy_e,alpha,2.81739899460188e-06
sub023,open,absolute,Brodmann,incorrect_e,accuracy_e,alpha,3.06663567532253e-06
sub023,open,absolute,Brodmann,fast,rt,alpha,3.5353229634401e-06
sub023,open,absolute,Brodmann,slow,rt,alpha,3.7020523920422e-06
sub023,closed,visual power,Brodmann,correct,accuracy,alpha,-0.244668860587246
sub023,closed,visual power,Brodmann,incorrect,accuracy,alpha,-0.139625811965615
sub023,closed,visual power,Brodmann,correct_e,accuracy_e,alpha,-0.335655100389458
sub023,closed,visual power,Brodmann,incorrect_e,accuracy_e,alpha,-0.139625811965615
sub023,closed,visual power,Brodmann,fast,rt,alpha,-0.115228282590251
sub023,closed,visual power,Brodmann,slow,rt,alpha,-0.372566333676195
sub023,closed,somato lateralisation index,max,correct,accuracy,alpha,0.162269563320782
sub023,closed,somato lateralisation index,max,incorrect,accuracy,alpha,0.426175426473748
sub023,closed,somato lateralisation index,max,correct_e,accuracy_e,alpha,-0.0697893823125531
sub023,closed,somato lateralisation index,max,incorrect_e,accuracy_e,alpha,0.426175426473748
sub023,closed,somato lateralisation index,max,fast,rt,alpha,0.166621887052235
sub023,closed,somato lateralisation index,max,slow,rt,alpha,0.17900370553108
sub023,closed,absolute,Brodmann,correct,accuracy,alpha,5.79833278523518e-06
sub023,closed,absolute,Brodmann,incorrect,accuracy,alpha,5.98244040911896e-06
sub023,closed,absolute,Brodmann,correct_e,accuracy_e,alpha,5.14212155568191e-06
sub023,closed,absolute,Brodmann,incorrect_e,accuracy_e,alpha,5.98244040911896e-06
sub023,closed,absolute,Brodmann,fast,rt,alpha,6.48524738466891e-06
sub023,closed,absolute,Brodmann,slow,rt,alpha,5.20851408324551e-06
sub024,open,visual power,Brodmann,correct,accuracy,alpha,1.08733413495931
sub024,open,visual power,Brodmann,incorrect,accuracy,alpha,0.248169653542516
sub024,open,visual power,Brodmann,correct_e,accuracy_e,alpha,2.19279113895892
sub024,open,visual power,Brodmann,incorrect_e,accuracy_e,alpha,0.248169653542516
sub024,open,visual power,Brodmann,fast,rt,alpha,1.20652012176856
sub024,open,visual power,Brodmann,slow,rt,alpha,1.04832477575977
sub024,open,somato lateralisation index,max,correct,accuracy,alpha,-0.0163336941767116
sub024,open,somato lateralisation index,max,incorrect,accuracy,alpha,-0.243241657307747
sub024,open,somato lateralisation index,max,correct_e,accuracy_e,alpha,-0.158893651742187
sub024,open,somato lateralisation index,max,incorrect_e,accuracy_e,alpha,-0.243241657307747
sub024,open,somato lateralisation index,max,fast,rt,alpha,0.00185119369098392
sub024,open,somato lateralisation index,max,slow,rt,alpha,-0.0211296562898367
sub024,open,absolute,Brodmann,correct,accuracy,alpha,1.73662680733901e-06
sub024,open,absolute,Brodmann,incorrect,accuracy,alpha,1.15908975141029e-06
sub024,open,absolute,Brodmann,correct_e,accuracy_e,alpha,1.86222436493994e-06
sub024,open,absolute,Brodmann,incorrect_e,accuracy_e,alpha,1.15908975141029e-06
sub024,open,absolute,Brodmann,fast,rt,alpha,1.78590727613266e-06
sub024,open,absolute,Brodmann,slow,rt,alpha,1.71702607608727e-06
sub024,closed,visual power,Brodmann,correct,accuracy,alpha,-0.155700063102815
sub024,closed,visual power,Brodmann,incorrect,accuracy,alpha,0.118715738146805
sub024,closed,visual power,Brodmann,correct_e,accuracy_e,alpha,-0.131856081814203
sub024,closed,visual power,Brodmann,incorrect_e,accuracy_e,alpha,0.118715738146805
sub024,closed,visual power,Brodmann,fast,rt,alpha,-0.167805053502336
sub024,closed,visual power,Brodmann,slow,rt,alpha,-0.108474077633887
sub024,closed,somato lateralisation index,max,correct,accuracy,alpha,-0.0453795352325645
sub024,closed,somato lateralisation index,max,incorrect,accuracy,alpha,0.0872258950521342
sub024,closed,somato lateralisation index,max,correct_e,accuracy_e,alpha,-0.000941792716948305
sub024,closed,somato lateralisation index,max,incorrect_e,accuracy_e,alpha,0.0872258950521342
sub024,closed,somato lateralisation index,max,fast,rt,alpha,0.178410572072101
sub024,closed,somato lateralisation index,max,slow,rt,alpha,-0.204546327673014
sub024,closed,absolute,Brodmann,correct,accuracy,alpha,4.48439608847882e-06
sub024,closed,absolute,Brodmann,incorrect,accuracy,alpha,5.62957825462824e-06
sub024,closed,absolute,Brodmann,correct_e,accuracy_e,alpha,4.55980773462259e-06
sub024,closed,absolute,Brodmann,incorrect_e,accuracy_e,alpha,5.62957825462824e-06
sub024,closed,absolute,Brodmann,fast,rt,alpha,4.71966514048058e-06
sub024,closed,absolute,Brodmann,slow,rt,alpha,4.20989682662245e-06
sub025,open,visual power,Brodmann,correct,accuracy,alpha,0.731895326952786
sub025,open,visual power,Brodmann,incorrect,accuracy,alpha,0.229712674105793
sub025,open,visual power,Brodmann,correct_e,accuracy_e,alpha,0.630670503350366
sub025,open,visual power,Brodmann,incorrect_e,accuracy_e,alpha,0.229712674105793
sub025,open,visual power,Brodmann,fast,rt,alpha,0.931572530603434
sub025,open,visual power,Brodmann,slow,rt,alpha,0.529962011965286
sub025,open,somato lateralisation index,max,correct,accuracy,alpha,0.0769268265499592
sub025,open,somato lateralisation index,max,incorrect,accuracy,alpha,0.0604037181819744
sub025,open,somato lateralisation index,max,correct_e,accuracy_e,alpha,0.0800773195269591
sub025,open,somato lateralisation index,max,incorrect_e,accuracy_e,alpha,0.0604037181819744
sub025,open,somato lateralisation index,max,fast,rt,alpha,0.0552412580587602
sub025,open,somato lateralisation index,max,slow,rt,alpha,0.0985446193457562
sub025,open,absolute,Brodmann,correct,accuracy,alpha,1.63036507962704e-06
sub025,open,absolute,Brodmann,incorrect,accuracy,alpha,1.47194107365363e-06
sub025,open,absolute,Brodmann,correct_e,accuracy_e,alpha,1.58269084372902e-06
sub025,open,absolute,Brodmann,incorrect_e,accuracy_e,alpha,1.47194107365363e-06
sub025,open,absolute,Brodmann,fast,rt,alpha,1.76232731052603e-06
sub025,open,absolute,Brodmann,slow,rt,alpha,1.48591459082389e-06
sub025,closed,visual power,Brodmann,correct,accuracy,alpha,0.0898073935698484
sub025,closed,visual power,Brodmann,incorrect,accuracy,alpha,0.0473938526808782
sub025,closed,visual power,Brodmann,correct_e,accuracy_e,alpha,0.0461129210558486
sub025,closed,visual power,Brodmann,incorrect_e,accuracy_e,alpha,0.0473938526808782
sub025,closed,visual power,Brodmann,fast,rt,alpha,0.0600187557144061
sub025,closed,visual power,Brodmann,slow,rt,alpha,0.122982681073441
sub025,closed,somato lateralisation index,max,correct,accuracy,alpha,0.0862150851539186
sub025,closed,somato lateralisation index,max,incorrect,accuracy,alpha,0.0926574810974428
sub025,closed,somato lateralisation index,max,correct_e,accuracy_e,alpha,0.0729868159721349
sub025,closed,somato lateralisation index,max,incorrect_e,accuracy_e,alpha,0.0926574810974428
sub025,closed,somato lateralisation index,max,fast,rt,alpha,0.0504392909031409
sub025,closed,somato lateralisation index,max,slow,rt,alpha,0.115119638955482
sub025,closed,absolute,Brodmann,correct,accuracy,alpha,6.78250790704623e-06
sub025,closed,absolute,Brodmann,incorrect,accuracy,alpha,6.77198762709017e-06
sub025,closed,absolute,Brodmann,correct_e,accuracy_e,alpha,6.8238945367497e-06
sub025,closed,absolute,Brodmann,incorrect_e,accuracy_e,alpha,6.77198762709017e-06
sub025,closed,absolute,Brodmann,fast,rt,alpha,6.95195582658769e-06
sub025,closed,absolute,Brodmann,slow,rt,alpha,6.61305998750476e-06
sub026,open,visual power,Brodmann,correct,accuracy,alpha,-0.0106086596910989
sub026,open,visual power,Brodmann,incorrect,accuracy,alpha,0.140715900978004
sub026,open,visual power,Brodmann,correct_e,accuracy_e,alpha,-0.115914773103656
sub026,open,visual power,Brodmann,incorrect_e,accuracy_e,alpha,0.140715900978004
sub026,open,visual power,Brodmann,fast,rt,alpha,-0.0199247449911589
sub026,open,visual power,Brodmann,slow,rt,alpha,0.0425223136840166
sub026,open,somato lateralisation index,max,correct,accuracy,alpha,0.0465090124277774
sub026,open,somato lateralisation index,max,incorrect,accuracy,alpha,0.00164329243981956
sub026,open,somato lateralisation index,max,correct_e,accuracy_e,alpha,0.16673076513874
sub026,open,somato lateralisation index,max,incorrect_e,accuracy_e,alpha,0.00164329243981956
sub026,open,somato lateralisation index,max,fast,rt,alpha,-0.109653127660947
sub026,open,somato lateralisation index,max,slow,rt,alpha,0.170684045957168
sub026,open,absolute,Brodmann,correct,accuracy,alpha,2.72575168405526e-06
sub026,open,absolute,Brodmann,incorrect,accuracy,alpha,3.48789277846727e-06
sub026,open,absolute,Brodmann,correct_e,accuracy_e,alpha,2.57674335404634e-06
sub026,open,absolute,Brodmann,incorrect_e,accuracy_e,alpha,3.48789277846727e-06
sub026,open,absolute,Brodmann,fast,rt,alpha,2.79095472192157e-06
sub026,open,absolute,Brodmann,slow,rt,alpha,2.75229544994721e-06
sub026,closed,visual power,Brodmann,correct,accuracy,alpha,-0.098401022036857
sub026,closed,visual power,Brodmann,incorrect,accuracy,alpha,-0.0856142345202555
sub026,closed,visual power,Brodmann,correct_e,accuracy_e,alpha,0.0938973736143309
sub026,closed,visual power,Brodmann,incorrect_e,accuracy_e,alpha,-0.0856142345202555
sub026,closed,visual power,Brodmann,fast,rt,alpha,-0.171973970730808
sub026,closed,visual power,Brodmann,slow,rt,alpha,-0.0138188296249021
sub026,closed,somato lateralisation index,max,correct,accuracy,alpha,-0.00786267383704461
sub026,closed,somato lateralisation index,max,incorrect,accuracy,alpha,-0.12863081330936
sub026,closed,somato lateralisation index,max,correct_e,accuracy_e,alpha,0.00152662650544432
sub026,closed,somato lateralisation index,max,incorrect_e,accuracy_e,alpha,-0.12863081330936
sub026,closed,somato lateralisation index,max,fast,rt,alpha,0.136651198032873
sub026,closed,somato lateralisation index,max,slow,rt,alpha,-0.138241730059654
sub026,closed,absolute,Brodmann,correct,accuracy,alpha,4.14821737840783e-06
sub026,closed,absolute,Brodmann,incorrect,accuracy,alpha,3.49573788988216e-06
sub026,closed,absolute,Brodmann,correct_e,accuracy_e,alpha,4.5388045206194e-06
sub026,closed,absolute,Brodmann,incorrect_e,accuracy_e,alpha,3.49573788988216e-06
sub026,closed,absolute,Brodmann,fast,rt,alpha,4.13395216100255e-06
sub026,closed,absolute,Brodmann,slow,rt,alpha,4.15712392096163e-06
sub027,open,visual power,Brodmann,correct,accuracy,alpha,0.786119032440739
sub027,open,visual power,Brodmann,incorrect,accuracy,alpha,0.380942960708105
sub027,open,visual power,Brodmann,correct_e,accuracy_e,alpha,0.711594942942846
sub027,open,visual power,Brodmann,incorrect_e,accuracy_e,alpha,0.380942960708105
sub027,open,visual power,Brodmann,fast,rt,alpha,0.777319043139515
sub027,open,visual power,Brodmann,slow,rt,alpha,0.81294499532637
sub027,open,somato lateralisation index,max,correct,accuracy,alpha,-0.0372305591634487
sub027,open,somato lateralisation index,max,incorrect,accuracy,alpha,-0.0583382956545462
sub027,open,somato lateralisation index,max,correct_e,accuracy_e,alpha,-0.102000057185243
sub027,open,somato lateralisation index,max,incorrect_e,accuracy_e,alpha,-0.0583382956545462
sub027,open,somato lateralisation index,max,fast,rt,alpha,-0.094619126178125
sub027,open,somato lateralisation index,max,slow,rt,alpha,0.0268647648430436
sub027,open,absolute,Brodmann,correct,accuracy,alpha,5.31608485861091e-06
sub027,open,absolute,Brodmann,incorrect,accuracy,alpha,4.63973120547604e-06
sub027,open,absolute,Brodmann,correct_e,accuracy_e,alpha,4.81079635843362e-06
sub027,open,absolute,Brodmann,incorrect_e,accuracy_e,alpha,4.63973120547604e-06
sub027,open,absolute,Brodmann,fast,rt,alpha,5.62925756401444e-06
sub027,open,absolute,Brodmann,slow,rt,alpha,5.08117899915723e-06
sub027,closed,visual power,Brodmann,correct,accuracy,alpha,-0.0867100230026071
sub027,closed,visual power,Brodmann,incorrect,accuracy,alpha,-0.00423912200880387
sub027,closed,visual power,Brodmann,correct_e,accuracy_e,alpha,0.140683749108521
sub027,closed,visual power,Brodmann,incorrect_e,accuracy_e,alpha,-0.00423912200880387
sub027,closed,visual power,Brodmann,fast,rt,alpha,-0.0110585451077735
sub027,closed,visual power,Brodmann,slow,rt,alpha,-0.191017625835874
sub027,closed,somato lateralisation index,max,correct,accuracy,alpha,-0.0958297048200626
sub027,closed,somato lateralisation index,max,incorrect,accuracy,alpha,0.0458435234212478
sub027,closed,somato lateralisation index,max,correct_e,accuracy_e,alpha,-0.0975447355335917
sub027,closed,somato lateralisation index,max,incorrect_e,accuracy_e,alpha,0.0458435234212478
sub027,closed,somato lateralisation index,max,fast,rt,alpha,-0.303211606624549
sub027,closed,somato lateralisation index,max,slow,rt,alpha,0.0632840712809468
sub027,closed,absolute,Brodmann,correct,accuracy,alpha,8.24778656176318e-06
sub027,closed,absolute,Brodmann,incorrect,accuracy,alpha,8.65301323406809e-06
sub027,closed,absolute,Brodmann,correct_e,accuracy_e,alpha,8.84143759846624e-06
sub027,closed,absolute,Brodmann,incorrect_e,accuracy_e,alpha,8.65301323406809e-06
sub027,closed,absolute,Brodmann,fast,rt,alpha,8.66038541708443e-06
sub027,closed,absolute,Brodmann,slow,rt,alpha,7.9307433480532e-06
sub028,open,visual power,Brodmann,correct,accuracy,alpha,-0.0508834666107342
sub028,open,visual power,Brodmann,incorrect,accuracy,alpha,0.237221183454943
sub028,open,visual power,Brodmann,correct_e,accuracy_e,alpha,0.0878300881064138
sub028,open,visual power,Brodmann,incorrect_e,accuracy_e,alpha,0.237221183454943
sub028,open,visual power,Brodmann,fast,rt,alpha,-0.118642008979042
sub028,open,visual power,Brodmann,slow,rt,alpha,0.0365912624647016
sub028,open,somato lateralisation index,max,correct,accuracy,alpha,0.283114493759157
sub028,open,somato lateralisation index,max,incorrect,accuracy,alpha,0.315493201095217
sub028,open,somato lateralisation index,max,correct_e,accuracy_e,alpha,0.299168533094
sub028,open,somato lateralisation index,max,incorrect_e,accuracy_e,alpha,0.315493201095217
sub028,open,somato lateralisation index,max,fast,rt,alpha,0.336109293950664
sub028,open,somato lateralisation index,max,slow,rt,alpha,0.225581739754182
sub028,open,absolute,Brodmann,correct,accuracy,alpha,2.67269665798876e-06
sub028,open,absolute,Brodmann,incorrect,accuracy,alpha,3.13815477059323e-06
sub028,open,absolute,Brodmann,correct_e,accuracy_e,alpha,2.72877028802364e-06
sub028,open,absolute,Brodmann,incorrect_e,accuracy_e,alpha,3.13815477059323e-06
sub028,open,absolute,Brodmann,fast,rt,alpha,2.55036096848629e-06
sub028,open,absolute,Brodmann,slow,rt,alpha,2.8097624557043e-06
sub028,closed,visual power,Brodmann,correct,accuracy,alpha,-0.0185897751557374
sub028,closed,visual power,Brodmann,incorrect,accuracy,alpha,-0.0371272629787997
sub028,closed,visual power,Brodmann,correct_e,accuracy_e,alpha,-0.0796548347918405
sub028,closed,visual power,Brodmann,incorrect_e,accuracy_e,alpha,-0.0371272629787997
sub028,closed,visual power,Brodmann,fast,rt,alpha,0.0227911289808744
sub028,closed,visual power,Brodmann,slow,rt,alpha,-0.0672856039692016
sub028,closed,somato lateralisation index,max,correct,accuracy,alpha,0.137877440206345
sub028,closed,somato lateralisation index,max,incorrect,accuracy,alpha,0.197956296206498
sub028,closed,somato lateralisation index,max,correct_e,accuracy_e,alpha,0.142291934614446
sub028,closed,somato lateralisation index,max,incorrect_e,accuracy_e,alpha,0.197956296206498
sub028,closed,somato lateralisation index,max,fast,rt,alpha,0.129221178187485
sub028,closed,somato lateralisation index,max,slow,rt,alpha,0.147712241282666
sub028,closed,absolute,Brodmann,correct,accuracy,alpha,9.31657410479225e-06
sub028,closed,absolute,Brodmann,incorrect,accuracy,alpha,1.05499323009282e-05
sub028,closed,absolute,Brodmann,correct_e,accuracy_e,alpha,8.88916473382755e-06
sub028,closed,absolute,Brodmann,incorrect_e,accuracy_e,alpha,1.05499323009282e-05
sub028,closed,absolute,Brodmann,fast,rt,alpha,9.80013984825648e-06
sub028,closed,absolute,Brodmann,slow,rt,alpha,8.75065056663357e-06
sub029,open,visual power,Brodmann,correct,accuracy,alpha,0.0692737971451637
sub029,open,visual power,Brodmann,incorrect,accuracy,alpha,0.110097179699468
sub029,open,visual power,Brodmann,correct_e,accuracy_e,alpha,0.150664722699378
sub029,open,visual power,Brodmann,incorrect_e,accuracy_e,alpha,0.110097179699468
sub029,open,visual power,Brodmann,fast,rt,alpha,0.155031494563899
sub029,open,visual power,Brodmann,slow,rt,alpha,0.00410813811247366
sub029,open,somato lateralisation index,max,correct,accuracy,alpha,0.0259463068736209
sub029,open,somato lateralisation index,max,incorrect,accuracy,alpha,0.115936316101014
sub029,open,somato lateralisation index,max,correct_e,accuracy_e,alpha,0.00459518846429241
sub029,open,somato lateralisation index,max,incorrect_e,accuracy_e,alpha,0.115936316101014
sub029,open,somato lateralisation index,max,fast,rt,alpha,-0.0408070110256089
sub029,open,somato lateralisation index,max,slow,rt,alpha,0.0960784324622487
sub029,open,absolute,Brodmann,correct,accuracy,alpha,6.95607570804989e-07
sub029,open,absolute,Brodmann,incorrect,accuracy,alpha,8.1396926188161e-07
sub029,open,absolute,Brodmann,correct_e,accuracy_e,alpha,7.17106560784477e-07
sub029,open,absolute,Brodmann,incorrect_e,accuracy_e,alpha,8.1396926188161e-07
sub029,open,absolute,Brodmann,fast,rt,alpha,6.58195007983314e-07
sub029,open,absolute,Brodmann,slow,rt,alpha,7.32844971651591e-07
sub029,closed,visual power,Brodmann,correct,accuracy,alpha,-0.214591760632456
sub029,closed,visual power,Brodmann,incorrect,accuracy,alpha,-0.0158039549435292
sub029,closed,visual power,Brodmann,correct_e,accuracy_e,alpha,-0.338398545367968
sub029,closed,visual power,Brodmann,incorrect_e,accuracy_e,alpha,-0.0158039549435292
sub029,closed,visual power,Brodmann,fast,rt,alpha,-0.198770467355272
sub029,closed,visual power,Brodmann,slow,rt,alpha,-0.238547413243085
sub029,closed,somato lateralisation index,max,correct,accuracy,alpha,0.0364230289183716
sub029,closed,somato lateralisation index,max,incorrect,accuracy,alpha,-0.0136226465703143
sub029,closed,somato lateralisation index,max,correct_e,accuracy_e,alpha,0.0247546342036854
sub029,closed,somato lateralisation index,max,incorrect_e,accuracy_e,alpha,-0.0136226465703143
sub029,closed,somato lateralisation index,max,fast,rt,alpha,0.116753792524978
sub029,closed,somato lateralisation index,max,slow,rt,alpha,-0.078233742126032
sub029,closed,absolute,Brodmann,correct,accuracy,alpha,1.87951324122488e-06
sub029,closed,absolute,Brodmann,incorrect,accuracy,alpha,1.98942745349771e-06
sub029,closed,absolute,Brodmann,correct_e,accuracy_e,alpha,1.7227804754694e-06
sub029,closed,absolute,Brodmann,incorrect_e,accuracy_e,alpha,1.98942745349771e-06
sub029,closed,absolute,Brodmann,fast,rt,alpha,2.22284655866993e-06
sub029,closed,absolute,Brodmann,slow,rt,alpha,1.54872207223619e-06
sub030,open,visual power,Brodmann,correct,accuracy,alpha,-0.0564103842245111
sub030,open,visual power,Brodmann,incorrect,accuracy,alpha,0.297469130250732
sub030,open,visual power,Brodmann,correct_e,accuracy_e,alpha,0.0929566173623893
sub030,open,visual power,Brodmann,incorrect_e,accuracy_e,alpha,0.297469130250732
sub030,open,visual power,Brodmann,fast,rt,alpha,-0.0745146007054386
sub030,open,visual power,Brodmann,slow,rt,alpha,-0.0450164833881039
sub030,open,somato lateralisation index,max,correct,accuracy,alpha,0.0672071466540369
sub030,open,somato lateralisation index,max,incorrect,accuracy,alpha,0.0307150579825
sub030,open,somato lateralisation index,max,correct_e,accuracy_e,alpha,-0.00371309066089706
sub030,open,somato lateralisation index,max,incorrect_e,accuracy_e,alpha,0.0307150579825
sub030,open,somato lateralisation index,max,fast,rt,alpha,0.0496597593996098
sub030,open,somato lateralisation index,max,slow,rt,alpha,0.0826045113344154
sub030,open,absolute,Brodmann,correct,accuracy,alpha,2.56649834762922e-06
sub030,open,absolute,Brodmann,incorrect,accuracy,alpha,2.49099386270981e-06
sub030,open,absolute,Brodmann,correct_e,accuracy_e,alpha,2.47311918305261e-06
sub030,open,absolute,Brodmann,incorrect_e,accuracy_e,alpha,2.49099386270981e-06
sub030,open,absolute,Brodmann,fast,rt,alpha,2.46346263405494e-06
sub030,open,absolute,Brodmann,slow,rt,alpha,2.68366988444576e-06
sub030,closed,visual power,Brodmann,correct,accuracy,alpha,-0.0659996338332061
sub030,closed,visual power,Brodmann,incorrect,accuracy,alpha,-0.0837147579838046
sub030,closed,visual power,Brodmann,correct_e,accuracy_e,alpha,-0.014828820648321
sub030,closed,visual power,Brodmann,incorrect_e,accuracy_e,alpha,-0.0837147579838046
sub030,closed,visual power,Brodmann,fast,rt,alpha,0.0377302001813809
sub030,closed,visual power,Brodmann,slow,rt,alpha,-0.155365262149797
sub030,closed,somato lateralisation index,max,correct,accuracy,alpha,-0.0056660492094295
sub030,closed,somato lateralisation index,max,incorrect,accuracy,alpha,-0.0910367619497691
sub030,closed,somato lateralisation index,max,correct_e,accuracy_e,alpha,0.157262823344907
sub030,closed,somato lateralisation index,max,incorrect_e,accuracy_e,alpha,-0.0910367619497691
sub030,closed,somato lateralisation index,max,fast,rt,alpha,-0.0785695460152094
sub030,closed,somato lateralisation index,max,slow,rt,alpha,0.0492444926187637
sub030,closed,absolute,Brodmann,correct,accuracy,alpha,8.97627938847501e-06
sub030,closed,absolute,Brodmann,incorrect,accuracy,alpha,9.29940851887078e-06
sub030,closed,absolute,Brodmann,correct_e,accuracy_e,alpha,1.03678927603493e-05
sub030,closed,absolute,Brodmann,incorrect_e,accuracy_e,alpha,9.29940851887078e-06
sub030,closed,absolute,Brodmann,fast,rt,alpha,9.73057586827551e-06
sub030,closed,absolute,Brodmann,slow,rt,alpha,8.33242125206967e-06
sub031,open,visual power,Brodmann,correct,accuracy,alpha,0.628896156491597
sub031,open,visual power,Brodmann,incorrect,accuracy,alpha,0.280890104982511
sub031,open,visual power,Brodmann,correct_e,accuracy_e,alpha,0.750729006954546
sub031,open,visual power,Brodmann,incorrect_e,accuracy_e,alpha,0.280890104982511
sub031,open,visual power,Brodmann,fast,rt,alpha,0.831481158049081
sub031,open,visual power,Brodmann,slow,rt,alpha,0.481453155194388
sub031,open,somato lateralisation index,max,correct,accuracy,alpha,0.0412323456461427
sub031,open,somato lateralisation index,max,incorrect,accuracy,alpha,-0.113898693827262
sub031,open,somato lateralisation index,max,correct_e,accuracy_e,alpha,-0.0600788746217935
sub031,open,somato lateralisation index,max,incorrect_e,accuracy_e,alpha,-0.113898693827262
sub031,open,somato lateralisation index,max,fast,rt,alpha,0.231128510879324
sub031,open,somato lateralisation index,max,slow,rt,alpha,-0.0775623943184504
sub031,open,absolute,Brodmann,correct,accuracy,alpha,1.02046107356055e-05
sub031,open,absolute,Brodmann,incorrect,accuracy,alpha,8.6112145749422e-06
sub031,open,absolute,Brodmann,correct_e,accuracy_e,alpha,1.01026186553807e-05
sub031,open,absolute,Brodmann,incorrect_e,accuracy_e,alpha,8.6112145749422e-06
sub031,open,absolute,Brodmann,fast,rt,alpha,1.09793497722165e-05
sub031,open,absolute,Brodmann,slow,rt,alpha,9.64468918309797e-06
sub031,closed,visual power,Brodmann,correct,accuracy,alpha,-0.126193956263942
sub031,closed,visual power,Brodmann,incorrect,accuracy,alpha,-0.0763044238822813
sub031,closed,visual power,Brodmann,correct_e,accuracy_e,alpha,-0.0788452307595358
sub031,closed,visual power,Brodmann,incorrect_e,accuracy_e,alpha,-0.0763044238822813
sub031,closed,visual power,Brodmann,fast,rt,alpha,-0.130862433547678
sub031,closed,visual power,Brodmann,slow,rt,alpha,-0.111145320953503
sub031,closed,somato lateralisation index,max,correct,accuracy,alpha,0.108797054925368
sub031,closed,somato lateralisation index,max,incorrect,accuracy,alpha,0.309504013121329
sub031,closed,somato lateralisation index,max,correct_e,accuracy_e,alpha,0.119631823538499
sub031,closed,somato lateralisation index,max,incorrect_e,accuracy_e,alpha,0.309504013121329
sub031,closed,somato lateralisation index,max,fast,rt,alpha,0.144906738161905
sub031,closed,somato lateralisation index,max,slow,rt,alpha,0.0610464882249566
sub031,closed,absolute,Brodmann,correct,accuracy,alpha,1.28920814194246e-05
sub031,closed,absolute,Brodmann,incorrect,accuracy,alpha,1.31208576521057e-05
sub031,closed,absolute,Brodmann,correct_e,accuracy_e,alpha,1.34509660104671e-05
sub031,closed,absolute,Brodmann,incorrect_e,accuracy_e,alpha,1.31208576521057e-05
sub031,closed,absolute,Brodmann,fast,rt,alpha,1.41274004867584e-05
sub031,closed,absolute,Brodmann,slow,rt,alpha,1.22053693223809e-05
sub032,open,visual power,Brodmann,correct,accuracy,alpha,0.389896357598846
sub032,open,visual power,Brodmann,incorrect,accuracy,alpha,0.337269975461748
sub032,open,visual power,Brodmann,correct_e,accuracy_e,alpha,0.358585904161941
sub032,open,visual power,Brodmann,incorrect_e,accuracy_e,alpha,0.337269975461748
sub032,open,visual power,Brodmann,fast,rt,alpha,0.337064112386163
sub032,open,visual power,Brodmann,slow,rt,alpha,0.468200469404033
sub032,open,somato lateralisation index,max,correct,accuracy,alpha,0.0727089604640833
sub032,open,somato lateralisation index,max,incorrect,accuracy,alpha,-0.0663319216797192
sub032,open,somato lateralisation index,max,correct_e,accuracy_e,alpha,0.0725008757420173
sub032,open,somato lateralisation index,max,incorrect_e,accuracy_e,alpha,-0.0663319216797192
sub032,open,somato lateralisation index,max,fast,rt,alpha,0.110936476549462
sub032,open,somato lateralisation index,max,slow,rt,alpha,0.0512414619175115
sub032,open,absolute,Brodmann,correct,accuracy,alpha,4.02897214771013e-06
sub032,open,absolute,Brodmann,incorrect,accuracy,alpha,4.04081810481137e-06
sub032,open,absolute,Brodmann,correct_e,accuracy_e,alpha,3.87046545499266e-06
sub032,open,absolute,Brodmann,incorrect_e,accuracy_e,alpha,4.04081810481137e-06
sub032,open,absolute,Brodmann,fast,rt,alpha,4.34164142739287e-06
sub032,open,absolute,Brodmann,slow,rt,alpha,3.69943058133146e-06
sub032,closed,visual power,Brodmann,correct,accuracy,alpha,-0.13485751197861
sub032,closed,visual power,Brodmann,incorrect,accuracy,alpha,-0.173294533175898
sub032,closed,visual power,Brodmann,correct_e,accuracy_e,alpha,-0.0203945488406847
sub032,closed,visual power,Brodmann,incorrect_e,accuracy_e,alpha,-0.173294533175898
sub032,closed,visual power,Brodmann,fast,rt,alpha,-0.135347550989271
sub032,closed,visual power,Brodmann,slow,rt,alpha,-0.118305448727034
sub032,closed,somato lateralisation index,max,correct,accuracy,alpha,0.00356331231981246
sub032,closed,somato lateralisation index,max,incorrect,accuracy,alpha,-0.0333227133891189
sub032,closed,somato lateralisation index,max,correct_e,accuracy_e,alpha,0.0078904456279483
sub032,closed,somato lateralisation index,max,incorrect_e,accuracy_e,alpha,-0.0333227133891189
sub032,closed,somato lateralisation index,max,fast,rt,alpha,-0.010187944001806
sub032,closed,somato lateralisation index,max,slow,rt,alpha,0.014981158289827
sub032,closed,absolute,Brodmann,correct,accuracy,alpha,8.35366326935239e-06
sub032,closed,absolute,Brodmann,incorrect,accuracy,alpha,8.63389498654237e-06
sub032,closed,absolute,Brodmann,correct_e,accuracy_e,alpha,8.73961031673145e-06
sub032,closed,absolute,Brodmann,incorrect_e,accuracy_e,alpha,8.63389498654237e-06
sub032,closed,absolute,Brodmann,fast,rt,alpha,8.31389434643432e-06
sub032,closed,absolute,Brodmann,slow,rt,alpha,8.46285618695118e-06
sub033,open,visual power,Brodmann,correct,accuracy,alpha,0.308166170748169
sub033,open,visual power,Brodmann,incorrect,accuracy,alpha,0.687244760022281
sub033,open,visual power,Brodmann,correct_e,accuracy_e,alpha,0.197590441174008
sub033,open,visual power,Brodmann,incorrect_e,accuracy_e,alpha,0.687244760022281
sub033,open,visual power,Brodmann,fast,rt,alpha,0.454232197110648
sub033,open,visual power,Brodmann,slow,rt,alpha,0.170198929813515
sub033,open,somato lateralisation index,max,correct,accuracy,alpha,0.0833686310957536
sub033,open,somato lateralisation index,max,incorrect,accuracy,alpha,-0.00514064947386542
sub033,open,somato lateralisation index,max,correct_e,accuracy_e,alpha,0.0242846535704335
sub033,open,somato lateralisation index,max,incorrect_e,accuracy_e,alpha,-0.00514064947386542
sub033,open,somato lateralisation index,max,fast,rt,alpha,0.0212415765866565
sub033,open,somato lateralisation index,max,slow,rt,alpha,0.126217818679725
sub033,open,absolute,Brodmann,correct,accuracy,alpha,4.43696194550651e-06
sub033,open,absolute,Brodmann,incorrect,accuracy,alpha,8.62039700164336e-06
sub033,open,absolute,Brodmann,correct_e,accuracy_e,alpha,4.7697366255625e-06
sub033,open,absolute,Brodmann,incorrect_e,accuracy_e,alpha,8.62039700164336e-06
sub033,open,absolute,Brodmann,fast,rt,alpha,4.79681236569155e-06
sub033,open,absolute,Brodmann,slow,rt,alpha,4.21586551268097e-06
sub033,closed,visual power,Brodmann,correct,accuracy,alpha,0.0501839492700489
sub033,closed,visual power,Brodmann,incorrect,accuracy,alpha,-0.103604939597784
sub033,closed,visual power,Brodmann,correct_e,accuracy_e,alpha,-0.104082443328511
sub033,closed,visual power,Brodmann,incorrect_e,accuracy_e,alpha,-0.103604939597784
sub033,closed,visual power,Brodmann,fast,rt,alpha,0.132093225203398
sub033,closed,visual power,Brodmann,slow,rt,alpha,-0.000274797191110807
sub033,closed,somato lateralisation index,max,correct,accuracy,alpha,0.0752558482523676
sub033,closed,somato lateralisation index,max,incorrect,accuracy,alpha,-0.176613841948653
sub033,closed,somato lateralisation index,max,correct_e,accuracy_e,alpha,-0.0788557070524316
sub033,closed,somato lateralisation index,max,incorrect_e,accuracy_e,alpha,-0.176613841948653
sub033,closed,somato lateralisation index,max,fast,rt,alpha,0.0146233459770118
sub033,closed,somato lateralisation index,max,slow,rt,alpha,0.105558413660523
sub033,closed,absolute,Brodmann,correct,accuracy,alpha,1.5838253003653e-05
sub033,closed,absolute,Brodmann,incorrect,accuracy,alpha,1.87702728917112e-05
sub033,closed,absolute,Brodmann,correct_e,accuracy_e,alpha,1.46552640300655e-05
sub033,closed,absolute,Brodmann,incorrect_e,accuracy_e,alpha,1.87702728917112e-05
sub033,closed,absolute,Brodmann,fast,rt,alpha,1.5316877385254e-05
sub033,closed,absolute,Brodmann,slow,rt,alpha,1.63969772378043e-05
sub034,open,visual power,Brodmann,correct,accuracy,alpha,0.388548915478227
sub034,open,visual power,Brodmann,incorrect,accuracy,alpha,0.125007066333043
sub034,open,visual power,Brodmann,correct_e,accuracy_e,alpha,0.308611785858492
sub034,open,visual power,Brodmann,incorrect_e,accuracy_e,alpha,0.125007066333043
sub034,open,visual power,Brodmann,fast,rt,alpha,0.428674504466564
sub034,open,visual power,Brodmann,slow,rt,alpha,0.337615044893034
sub034,open,somato lateralisation index,max,correct,accuracy,alpha,0.108836820685379
sub034,open,somato lateralisation index,max,incorrect,accuracy,alpha,0.1386556447805
sub034,open,somato lateralisation index,max,correct_e,accuracy_e,alpha,0.141964747045494
sub034,open,somato lateralisation index,max,incorrect_e,accuracy_e,alpha,0.1386556447805
sub034,open,somato lateralisation index,max,fast,rt,alpha,0.124389820810506
sub034,open,somato lateralisation index,max,slow,rt,alpha,0.082224355640092
sub034,open,absolute,Brodmann,correct,accuracy,alpha,3.19903745969436e-06
sub034,open,absolute,Brodmann,incorrect,accuracy,alpha,3.01378023655226e-06
sub034,open,absolute,Brodmann,correct_e,accuracy_e,alpha,3.2340747755039e-06
sub034,open,absolute,Brodmann,incorrect_e,accuracy_e,alpha,3.01378023655226e-06
sub034,open,absolute,Brodmann,fast,rt,alpha,3.39545366215594e-06
sub034,open,absolute,Brodmann,slow,rt,alpha,3.0317148281501e-06
sub034,closed,visual power,Brodmann,correct,accuracy,alpha,-0.0151746050484022
sub034,closed,visual power,Brodmann,incorrect,accuracy,alpha,0.167152856109112
sub034,closed,visual power,Brodmann,correct_e,accuracy_e,alpha,-0.0119740507046574
sub034,closed,visual power,Brodmann,incorrect_e,accuracy_e,alpha,0.167152856109112
sub034,closed,visual power,Brodmann,fast,rt,alpha,-0.0975202223909251
sub034,closed,visual power,Brodmann,slow,rt,alpha,0.0643009329277881
sub034,closed,somato lateralisation index,max,correct,accuracy,alpha,-0.0147323940909789
sub034,closed,somato lateralisation index,max,incorrect,accuracy,alpha,-0.20520878610142
sub034,closed,somato lateralisation index,max,correct_e,accuracy_e,alpha,0.0128651869289494
sub034,closed,somato lateralisation index,max,incorrect_e,accuracy_e,alpha,-0.20520878610142
sub034,closed,somato lateralisation index,max,fast,rt,alpha,-0.0155944543252103
sub034,closed,somato lateralisation index,max,slow,rt,alpha,-0.0074466447823968
sub034,closed,absolute,Brodmann,correct,accuracy,alpha,8.46362234933648e-06
sub034,closed,absolute,Brodmann,incorrect,accuracy,alpha,1.06329213644524e-05
sub034,closed,absolute,Brodmann,correct_e,accuracy_e,alpha,8.18027589173479e-06
sub034,closed,absolute,Brodmann,incorrect_e,accuracy_e,alpha,1.06329213644524e-05
sub034,closed,absolute,Brodmann,fast,rt,alpha,8.00381749725719e-06
sub034,closed,absolute,Brodmann,slow,rt,alpha,8.84646638468564e-06
sub035,open,visual power,Brodmann,correct,accuracy,alpha,-0.00272415299324103
sub035,open,visual power,Brodmann,incorrect,accuracy,alpha,-0.0403772683061453
sub035,open,visual power,Brodmann,correct_e,accuracy_e,alpha,-0.0889859600137257
sub035,open,visual power,Brodmann,incorrect_e,accuracy_e,alpha,-0.0403772683061453
sub035,open,visual power,Brodmann,fast,rt,alpha,-0.0875423335217905
sub035,open,visual power,Brodmann,slow,rt,alpha,0.0947574978522524
sub035,open,somato lateralisation index,max,correct,accuracy,alpha,0.0551620324221273
sub035,open,somato lateralisation index,max,incorrect,accuracy,alpha,0.213870471524212
sub035,open,somato lateralisation index,max,correct_e,accuracy_e,alpha,0.101911367695984
sub035,open,somato lateralisation index,max,incorrect_e,accuracy_e,alpha,0.213870471524212
sub035,open,somato lateralisation index,max,fast,rt,alpha,0.141570113118912
sub035,open,somato lateralisation index,max,slow,rt,alpha,-0.0447615911695603
sub035,open,absolute,Brodmann,correct,accuracy,alpha,1.17624378052936e-05
sub035,open,absolute,Brodmann,incorrect,accuracy,alpha,1.15740380336975e-05
sub035,open,absolute,Brodmann,correct_e,accuracy_e,alpha,1.15772247079582e-05
sub035,open,absolute,Brodmann,incorrect_e,accuracy_e,alpha,1.15740380336975e-05
sub035,open,absolute,Brodmann,fast,rt,alpha,1.13720356888391e-05
sub035,open,absolute,Brodmann,slow,rt,alpha,1.25661942675751e-05
sub035,closed,visual power,Brodmann,correct,accuracy,alpha,-0.0235022575054325
sub035,closed,visual power,Brodmann,incorrect,accuracy,alpha,-0.17337119125434
sub035,closed,visual power,Brodmann,correct_e,accuracy_e,alpha,-0.114380523417524
sub035,closed,visual power,Brodmann,incorrect_e,accuracy_e,alpha,-0.17337119125434
sub035,closed,visual power,Brodmann,fast,rt,alpha,0.0757809761744582
sub035,closed,visual power,Brodmann,slow,rt,alpha,-0.144697813911872
sub035,closed,somato lateralisation index,max,correct,accuracy,alpha,-0.00574980558563502
sub035,closed,somato lateralisation index,max,incorrect,accuracy,alpha,0.0497827671281904
sub035,closed,somato lateralisation index,max,correct_e,accuracy_e,alpha,0.0635503153073839
sub035,closed,somato lateralisation index,max,incorrect_e,accuracy_e,alpha,0.0497827671281904
sub035,closed,somato lateralisation index,max,fast,rt,alpha,0.0548300129676936
sub035,closed,somato lateralisation index,max,slow,rt,alpha,-0.0502806613190286
sub035,closed,absolute,Brodmann,correct,accuracy,alpha,1.75808819277066e-05
sub035,closed,absolute,Brodmann,incorrect,accuracy,alpha,1.6784726852408e-05
sub035,closed,absolute,Brodmann,correct_e,accuracy_e,alpha,1.72364374896247e-05
sub035,closed,absolute,Brodmann,incorrect_e,accuracy_e,alpha,1.6784726852408e-05
sub035,closed,absolute,Brodmann,fast,rt,alpha,2.03138483118902e-05
sub035,closed,absolute,Brodmann,slow,rt,alpha,1.52894547781831e-05
sub036,open,visual power,Brodmann,correct,accuracy,alpha,0.200293097701559
sub036,open,visual power,Brodmann,incorrect,accuracy,alpha,0.232134656453279
sub036,open,visual power,Brodmann,correct_e,accuracy_e,alpha,0.267610936986842
sub036,open,visual power,Brodmann,incorrect_e,accuracy_e,alpha,0.232134656453279
sub036,open,visual power,Brodmann,fast,rt,alpha,0.146323558081104
sub036,open,visual power,Brodmann,slow,rt,alpha,0.274345944425488
sub036,open,somato lateralisation index,max,correct,accuracy,alpha,0.280048819740222
sub036,open,somato lateralisation index,max,incorrect,accuracy,alpha,0.183673558928161
sub036,open,somato lateralisation index,max,correct_e,accuracy_e,alpha,0.202884269888993
sub036,open,somato lateralisation index,max,incorrect_e,accuracy_e,alpha,0.183673558928161
sub036,open,somato lateralisation index,max,fast,rt,alpha,0.232065125872511
sub036,open,somato lateralisation index,max,slow,rt,alpha,0.346180340423484
sub036,open,absolute,Brodmann,correct,accuracy,alpha,1.07630243632919e-05
sub036,open,absolute,Brodmann,incorrect,accuracy,alpha,1.06167676969192e-05
sub036,open,absolute,Brodmann,correct_e,accuracy_e,alpha,1.13648429162059e-05
sub036,open,absolute,Brodmann,incorrect_e,accuracy_e,alpha,1.06167676969192e-05
sub036,open,absolute,Brodmann,fast,rt,alpha,1.08193947315863e-05
sub036,open,absolute,Brodmann,slow,rt,alpha,1.07802038568401e-05
sub036,closed,visual power,Brodmann,correct,accuracy,alpha,-0.0102759543943452
sub036,closed,visual power,Brodmann,incorrect,accuracy,alpha,0.0521896445080326
sub036,closed,visual power,Brodmann,correct_e,accuracy_e,alpha,-0.102048359682751
sub036,closed,visual power,Brodmann,incorrect_e,accuracy_e,alpha,0.0521896445080326
sub036,closed,visual power,Brodmann,fast,rt,alpha,0.0726024104084782
sub036,closed,visual power,Brodmann,slow,rt,alpha,-0.072386608447597
sub036,closed,somato lateralisation index,max,correct,accuracy,alpha,0.0652748086412028
sub036,closed,somato lateralisation index,max,incorrect,accuracy,alpha,0.0226395027273192
sub036,closed,somato lateralisation index,max,correct_e,accuracy_e,alpha,0.243976719051398
sub036,closed,somato lateralisation index,max,incorrect_e,accuracy_e,alpha,0.0226395027273192
sub036,closed,somato lateralisation index,max,fast,rt,alpha,0.13733910529571
sub036,closed,somato lateralisation index,max,slow,rt,alpha,0.0646015049755114
sub036,closed,absolute,Brodmann,correct,accuracy,alpha,2.20233435503261e-05
sub036,closed,absolute,Brodmann,incorrect,accuracy,alpha,2.01540761359905e-05
sub036,closed,absolute,Brodmann,correct_e,accuracy_e,alpha,2.10678588758235e-05
sub036,closed,absolute,Brodmann,incorrect_e,accuracy_e,alpha,2.01540761359905e-05
sub036,closed,absolute,Brodmann,fast,rt,alpha,2.26841963031281e-05
sub036,closed,absolute,Brodmann,slow,rt,alpha,2.17350512977481e-05
sub037,open,visual power,Brodmann,correct,accuracy,alpha,0.279223907378892
sub037,open,visual power,Brodmann,incorrect,accuracy,alpha,0.115962046293588
sub037,open,visual power,Brodmann,correct_e,accuracy_e,alpha,0.319780691884961
sub037,open,visual power,Brodmann,incorrect_e,accuracy_e,alpha,0.115962046293588
sub037,open,visual power,Brodmann,fast,rt,alpha,0.419300239696749
sub037,open,visual power,Brodmann,slow,rt,alpha,0.122072514160281
sub037,open,somato lateralisation index,max,correct,accuracy,alpha,-0.00545091953007573
sub037,open,somato lateralisation index,max,incorrect,accuracy,alpha,0.364680488878306
sub037,open,somato lateralisation index,max,correct_e,accuracy_e,alpha,-0.164946844933568
sub037,open,somato lateralisation index,max,incorrect_e,accuracy_e,alpha,0.364680488878306
sub037,open,somato lateralisation index,max,fast,rt,alpha,0.257975234566078
sub037,open,somato lateralisation index,max,slow,rt,alpha,-0.215149152630113
sub037,open,absolute,Brodmann,correct,accuracy,alpha,1.38366151541542e-05
sub037,open,absolute,Brodmann,incorrect,accuracy,alpha,1.27568823056302e-05
sub037,open,absolute,Brodmann,correct_e,accuracy_e,alpha,1.41673506551066e-05
sub037,open,absolute,Brodmann,incorrect_e,accuracy_e,alpha,1.27568823056302e-05
sub037,open,absolute,Brodmann,fast,rt,alpha,1.54748977229004e-05
sub037,open,absolute,Brodmann,slow,rt,alpha,1.21446407609851e-05
sub037,closed,visual power,Brodmann,correct,accuracy,alpha,-0.129706980102401
sub037,closed,visual power,Brodmann,incorrect,accuracy,alpha,-0.193215640970253
sub037,closed,visual power,Brodmann,correct_e,accuracy_e,alpha,-0.2237665412551
sub037,closed,visual power,Brodmann,incorrect_e,accuracy_e,alpha,-0.193215640970253
sub037,closed,visual power,Brodmann,fast,rt,alpha,-0.0771864258081479
sub037,closed,visual power,Brodmann,slow,rt,alpha,-0.197562509419405
sub037,closed,somato lateralisation index,max,correct,accuracy,alpha,0.00542422880314663
sub037,closed,somato lateralisation index,max,incorrect,accuracy,alpha,0.191582319958379
sub037,closed,somato lateralisation index,max,correct_e,accuracy_e,alpha,-0.0263473678112814
sub037,closed,somato lateralisation index,max,incorrect_e,accuracy_e,alpha,0.191582319958379
sub037,closed,somato lateralisation index,max,fast,rt,alpha,0.0508247883032889
sub037,closed,somato lateralisation index,max,slow,rt,alpha,-0.0475863285640303
sub037,closed,absolute,Brodmann,correct,accuracy,alpha,2.93442189377901e-05
sub037,closed,absolute,Brodmann,incorrect,accuracy,alpha,2.15985638359026e-05
sub037,closed,absolute,Brodmann,correct_e,accuracy_e,alpha,2.85338358604947e-05
sub037,closed,absolute,Brodmann,incorrect_e,accuracy_e,alpha,2.15985638359026e-05
sub037,closed,absolute,Brodmann,fast,rt,alpha,3.20720622343268e-05
sub037,closed,absolute,Brodmann,slow,rt,alpha,2.70652860316468e-05
sub039,open,visual power,Brodmann,correct,accuracy,alpha,-0.0478388464517243
sub039,open,visual power,Brodmann,incorrect,accuracy,alpha,-0.410488658010887
sub039,open,visual power,Brodmann,correct_e,accuracy_e,alpha,-0.233867357432186
sub039,open,visual power,Brodmann,incorrect_e,accuracy_e,alpha,-0.410488658010887
sub039,open,visual power,Brodmann,fast,rt,alpha,-0.0431041298826128
sub039,open,visual power,Brodmann,slow,rt,alpha,-0.0674274958022604
sub039,open,somato lateralisation index,max,correct,accuracy,alpha,0.0564539813150117
sub039,open,somato lateralisation index,max,incorrect,accuracy,alpha,0.144441936276113
sub039,open,somato lateralisation index,max,correct_e,accuracy_e,alpha,0.265456522481748
sub039,open,somato lateralisation index,max,incorrect_e,accuracy_e,alpha,0.144441936276113
sub039,open,somato lateralisation index,max,fast,rt,alpha,0.0250474655902606
sub039,open,somato lateralisation index,max,slow,rt,alpha,0.0529115716249777
sub039,open,absolute,Brodmann,correct,accuracy,alpha,1.01580872859188e-05
sub039,open,absolute,Brodmann,incorrect,accuracy,alpha,9.55191643524796e-06
sub039,open,absolute,Brodmann,correct_e,accuracy_e,alpha,7.96896363163655e-06
sub039,open,absolute,Brodmann,incorrect_e,accuracy_e,alpha,9.55191643524796e-06
sub039,open,absolute,Brodmann,fast,rt,alpha,1.06764180184116e-05
sub039,open,absolute,Brodmann,slow,rt,alpha,1.00236756719771e-05
sub039,closed,visual power,Brodmann,correct,accuracy,alpha,-0.0839306221790945
sub039,closed,visual power,Brodmann,incorrect,accuracy,alpha,-0.00646135159921004
sub039,closed,visual power,Brodmann,correct_e,accuracy_e,alpha,0.168790611560783
sub039,closed,visual power,Brodmann,incorrect_e,accuracy_e,alpha,-0.00646135159921004
sub039,closed,visual power,Brodmann,fast,rt,alpha,0.00733219076412937
sub039,closed,visual power,Brodmann,slow,rt,alpha,-0.105213141191198
sub039,closed,somato lateralisation index,max,correct,accuracy,alpha,7.55936715097723e-05
sub039,closed,somato lateralisation index,max,incorrect,accuracy,alpha,0.477174752705418
sub039,closed,somato lateralisation index,max,correct_e,accuracy_e,alpha,-0.000218973821254611
sub039,closed,somato lateralisation index,max,incorrect_e,accuracy_e,alpha,0.477174752705418
sub039,closed,somato lateralisation index,max,fast,rt,alpha,0.0135630225610006
sub039,closed,somato lateralisation index,max,slow,rt,alpha,-0.0245535863346785
sub039,closed,absolute,Brodmann,correct,accuracy,alpha,2.14652754402125e-05
sub039,closed,absolute,Brodmann,incorrect,accuracy,alpha,1.6555807772e-05
sub039,closed,absolute,Brodmann,correct_e,accuracy_e,alpha,2.35216617725363e-05
sub039,closed,absolute,Brodmann,incorrect_e,accuracy_e,alpha,1.6555807772e-05
sub039,closed,absolute,Brodmann,fast,rt,alpha,2.30261874087617e-05
sub039,closed,absolute,Brodmann,slow,rt,alpha,2.12384749686586e-05
